,Sale Type,SalePrice,Price Per Sq Ft
0,WD ,130500,9.654509136642746
1,WD ,220000,19.143752175426382
2,WD ,109000,13.759151729361273
3,WD ,174000,17.75147928994083
4,WD ,138500,9.729539866526167
5,WD ,190000,11.52073732718894
6,New,140000,38.095238095238095
7,COD,142000,11.677631578947368
8,WD ,112500,7.127922448203764
9,WD ,135000,11.63191452696881
10,COD,85400,50.833333333333336
11,WD ,183600,24.51923076923077
13,ConLD,200000,75.61436672967864
14,WD ,193000,20.04778227900696
15,WD ,173500,17.154439390943246
16,COD,98000,21.43950995405819
17,WD ,139000,15.766787658802178
18,WD ,143500,17.506404782237404
19,Con,215200,24.90740740740741
20,WD ,129000,14.786795048143054
21,WD ,278000,49.0819209039548
22,New,344133,26.745395197015622
23,WD ,185000,23.182957393483708
24,WD ,145000,4.184704184704184
25,WD ,187500,17.733850373593114
26,WD ,138500,16.390532544378697
27,WD ,198000,16.923076923076923
29,WD ,122900,15.240575396825397
30,WD ,278000,28.958333333333332
31,WD ,230000,20.113686051595977
32,WD ,270000,28.275212064090482
33,WD ,125000,11.415525114155251
34,WD ,297000,27.921406411582215
35,WD ,113500,12.61111111111111
36,WD ,127000,47.65478424015009
37,COD,190000,16.168836694749384
38,WD ,175500,18.28125
39,WD ,146000,17.323208353108686
40,WD ,147500,14.84351413907618
41,New,465000,33.47491181340436
42,WD ,165500,18.184814855510382
43,WD ,131500,10.823045267489713
44,WD ,129500,11.5625
45,WD ,257076,26.584901758014478
46,WD ,117000,10.638297872340425
47,WD ,149000,20.694444444444443
48,WD ,128000,12.903225806451612
49,WD ,155000,63.31699346405229
50,WD ,166000,55.37024683122081
51,WD ,135000,17.298821117375706
52,WD ,250000,14.977234603402827
54,WD ,155000,15.240904621435595
55,WD ,158000,16.87313114053823
56,WD ,149500,58.765723270440255
57,WD ,121000,12.23705501618123
58,WD ,136000,17.124150088139007
59,WD ,173000,11.504189386886553
60,WD ,290000,24.651479088745326
61,New,303477,33.71966666666667
62,WD ,270000,13.4582793340644
63,WD ,122250,16.72824302134647
64,WD ,153000,17.485714285714284
66,WD ,148500,37.125
67,WD ,130000,38.655961938745165
68,WD ,372000,27.322805728975396
69,WD ,213490,70.85628941254564
70,Con,308030,17.616814412353445
71,WD ,300000,12.642225031605562
72,WD ,159500,17.901234567901234
73,WD ,137500,54.52022204599524
74,WD ,232000,26.703499079189687
75,WD ,93850,14.918137021141312
76,WD ,105000,5.990073592332706
77,WD ,68500,10.831752055660974
78,WD ,154300,13.301724137931034
80,WD ,114000,24.939838109822794
81,New,501837,28.80313378867015
82,WD ,153900,12.151598894591393
83,WD ,130000,14.444444444444445
84,WD ,160500,35.666666666666664
85,New,310090,48.6568335163973
86,WD ,184900,18.33779629078647
87,WD ,132000,9.924812030075188
88,WD ,163000,16.979166666666668
89,ConLD,155000,48.211508553654745
90,WD ,183000,16.480547550432277
91,WD ,211000,13.795357960117686
92,WD ,184000,20.19980239323746
94,WD ,180500,12.790532879818594
95,New,166000,47.11893272778882
96,COD,148000,9.665621734587251
97,WD ,124000,16.644295302013422
98,WD ,277500,37.94612334199371
99,WD ,350000,34.93362611039026
100,WD ,387000,25.12823842607623
102,WD ,290000,17.813267813267814
104,WD ,215000,17.609959865672863
105,WD ,146500,11.174675819984744
106,WD ,165000,62.24066390041494
107,CWD,136000,15.96244131455399
108,WD ,252000,6.39853747714808
109,WD ,175500,66.78082191780823
110,WD ,150000,23.415547923821418
111,WD ,139900,11.33527791281802
112,WD ,162900,26.10576923076923
113,WD ,160000,16.0
115,WD ,184000,16.594516594516595
116,WD ,149900,8.442692199380456
117,WD ,300000,62.95907660020986
118,WD ,145000,13.767565514622104
119,WD ,231500,15.007130818099313
121,COD,120000,13.714285714285714
122,WD ,128500,12.921065862242333
123,WD ,115000,12.834821428571429
124,WD ,110000,31.428571428571427
125,WD ,150000,6.104509197460525
126,WD ,178000,19.65547703180212
127,WD ,199500,16.193181818181817
128,WD ,183500,22.274823986404467
129,WD ,126000,21.0
130,WD ,148500,58.718861209964416
131,WD ,149000,13.796296296296296
132,WD ,137900,58.70583226905066
133,Con,324000,29.87276415268302
135,WD ,103400,61.54761904761905
137,WD ,209500,45.64270152505446
138,New,545224,30.186247370169415
140,WD ,141000,7.367541017870206
141,WD ,215000,24.832524832524832
142,WD ,127000,18.41380310279832
143,WD ,128000,13.438320209973753
144,New,267916,20.844627713374308
145,WD ,127500,20.432692307692307
147,WD ,175500,14.516129032258064
148,WD ,217500,24.643099932019034
149,WD ,149500,18.470471954534222
150,WD ,148800,13.893557422969188
151,New,556581,34.664985052316894
152,WD ,156500,18.63095238095238
153,WD ,237000,21.066666666666666
154,WD ,120000,15.925680159256801
155,WD ,203000,16.617550753110674
156,WD ,130000,35.125641718454474
157,WD ,167900,17.202868852459016
158,WD ,129000,13.06593740504406
159,WD ,134450,13.430226750574368
160,WD ,112000,4.4200639330676035
161,WD ,207000,23.302938196555218
163,WD ,154000,62.908496732026144
164,WD ,129900,18.295774647887324
165,WD ,85000,32.79320987654321
166,WD ,116900,20.50877192982456
167,WD ,148500,64.87549148099608
168,WD ,80000,6.568144499178982
169,WD ,152000,20.54054054054054
170,Oth,155891,17.63073965166252
171,WD ,165000,18.64406779661017
172,New,204500,22.192078133478024
173,WD ,146500,15.453586497890296
174,COD,157000,13.215488215488216
175,WD ,184000,17.037037037037038
176,WD ,183200,23.304923037781453
177,WD ,139000,11.96625344352617
178,WD ,341000,32.34680326313792
179,COD,96000,57.142857142857146
180,WD ,140000,16.381933068102036
181,WD ,149700,20.2106115836371
182,WD ,153500,15.138067061143984
184,WD ,224900,27.568031380240257
185,WD ,176000,23.466666666666665
186,WD ,285000,26.690391459074732
187,WD ,282922,18.544965915049815
188,WD ,226000,15.915492957746478
189,New,361919,29.097845312751247
190,New,457347,28.543156712226175
191,WD ,279000,13.905502392344498
192,WD ,196000,19.961299521336183
193,WD ,152000,14.615384615384615
194,WD ,200000,17.1777033410633
195,New,294900,25.324173465006442
196,New,224243,30.600846069868997
197,WD ,92000,11.761697775504986
198,New,179540,19.9090707473941
199,WD ,386250,28.670576009501186
200,WD ,106500,69.47162426614481
201,WD ,310000,28.174134327001727
202,WD ,252000,23.35495829471733
203,WD ,164000,23.007856341189676
204,New,177594,23.02528199144302
205,WD ,123900,19.85576923076923
206,WD ,239000,10.660124888492417
207,WD ,169000,11.045751633986928
208,WD ,234000,73.21652065081352
209,WD ,173000,18.482905982905983
210,WD ,149000,13.255048483231029
211,WD ,170000,18.3585313174946
212,New,225000,28.149630927061178
213,WD ,144900,15.68351553198398
214,WD ,144000,14.336917562724015
215,WD ,192000,60.33940917661848
216,WD ,145500,19.079464988198268
217,WD ,86900,12.400114155251142
218,WD ,149500,12.294407894736842
219,WD ,119750,18.992862807295797
220,New,173900,19.65860275830884
221,COD,136500,12.806079369546861
222,WD ,270000,20.598108025633202
223,WD ,235000,17.40740740740741
224,WD ,156000,20.129032258064516
225,WD ,153000,12.289156626506024
226,WD ,165000,36.666666666666664
227,WD ,325000,29.02303982854081
228,WD ,140000,22.504420511171837
229,WD ,202500,15.340909090909092
230,New,367294,41.88550575892348
231,WD ,175000,17.15686274509804
232,WD ,140000,14.659685863874346
233,WD ,174000,16.84251282547672
234,WD ,190000,19.818504224470637
236,WD ,200000,9.09008271975275
237,WD ,193500,14.884615384615385
238,WD ,145000,17.575757575757574
239,WD ,218000,26.682986536107713
241,WD ,146500,13.492355866642107
242,WD ,194700,25.696185825524616
243,New,230348,30.713066666666666
244,WD ,109500,17.892156862745097
245,WD ,242500,10.284139100932993
246,WD ,239000,45.0433471541651
247,WD ,156000,19.278299555116163
248,WD ,109008,12.685674386128245
250,WD ,290000,24.31050381423422
251,ConLD,159000,16.060606060606062
252,WD ,87000,17.82056534207292
253,WD ,272000,23.811608158977503
254,New,198000,22.571819425444595
255,WD ,119164,15.621919244887257
257,WD ,226750,27.58515815085158
258,WD ,95000,8.949599623174752
259,WD ,139900,23.316666666666666
261,WD ,86900,16.09259259259259
262,WD ,152500,8.482118026586573
263,WD ,99000,10.399159663865547
265,WD ,179200,22.36645032451323
266,WD ,142500,15.833333333333334
267,WD ,115400,8.070494440170641
268,WD ,226000,32.05673758865248
269,WD ,144152,45.330817610062894
270,WD ,370000,22.49103397969728
271,WD ,149900,11.631877085434935
272,New,172785,11.091603543458724
273,WD ,129000,17.916666666666668
274,WD ,181000,10.62019597488705
275,WD ,148000,14.8
277,WD ,192500,60.49654305468259
278,COD,151000,77.43589743589743
279,WD ,112500,14.61038961038961
280,WD ,144000,16.492956133318064
281,New,370967,45.064018464528665
282,WD ,149900,65.74561403508773
283,WD ,195000,21.824286513710128
284,WD ,163900,17.96164383561644
285,WD ,182000,16.433408577878104
286,WD ,410000,30.510492632832268
287,COD,152000,13.730803974706413
288,WD ,184000,23.58974358974359
289,WD ,206300,29.22096317280453
290,WD ,146500,12.377492396079756
291,WD ,108000,12.884753042233358
292,WD ,170000,16.679748822605966
293,WD ,145000,32.760957975598735
294,WD ,123000,53.94736842105263
295,WD ,173000,59.923796328368546
296,WD ,105900,12.429577464788732
297,WD ,91000,57.01754385964912
298,WD ,158000,10.128205128205128
299,WD ,190000,20.401589176420057
300,WD ,217500,19.65835140997831
301,WD ,165500,18.38888888888889
302,WD ,174500,14.541666666666666
303,WD ,100000,13.000520020800833
304,WD ,172000,12.05579308894652
305,Con,120000,12.4031007751938
306,WD ,82000,9.761904761904763
307,WD ,127000,16.933333333333334
308,WD ,129500,13.489583333333334
309,COD,187500,32.24974200206398
310,WD ,300000,20.188425302826378
311,WD ,190000,12.83523610079038
312,WD ,96000,12.71523178807947
313,WD ,241000,29.661538461538463
314,WD ,143900,10.52439113581511
315,WD ,87550,57.1102413568167
316,WD ,319900,41.773308957952466
317,New,356383,28.993084933289946
318,WD ,239000,20.04529061477816
319,WD ,287500,28.721278721278722
320,WD ,128500,10.398122673571775
321,WD ,185088,21.57957327736971
322,WD ,229800,26.59722222222222
323,WD ,124500,11.917296831626304
324,WD ,142000,14.791666666666666
325,WD ,149000,30.414370279648907
326,WD ,135000,14.600908500973395
327,WD ,128000,25.974025974025974
328,WD ,430000,33.87960920264734
329,WD ,145000,19.395398608881756
330,WD ,139000,25.923162998881015
331,WD ,178000,14.722911497105045
332,WD ,460000,36.685541111731396
333,WD ,214500,18.043405114401075
335,WD ,214000,24.44317532838378
336,WD ,128900,31.59313725490196
337,WD ,168000,5.175122447093615
338,New,310013,25.375542277154786
339,WD ,170000,45.995670995671
340,WD ,133700,17.685185185185187
341,WD ,165000,15.577794561933535
342,WD ,89500,53.273809523809526
343,ConLD,140000,13.484877672895395
344,WD ,134000,53.13243457573355
345,WD ,248500,26.520811099252935
346,WD ,145000,14.151864142104236
347,WD ,179900,15.677559912854031
348,New,147000,14.720608852393351
349,WD ,136000,12.983293556085918
350,WD ,128000,21.333333333333332
351,WD ,88750,20.735981308411215
352,WD ,122500,11.243689765947682
353,WD ,97500,5.57047363309147
354,WD ,135000,13.884603517432891
355,New,314813,26.92089960663588
357,WD ,134900,22.483333333333334
358,WD ,137000,13.02405171594258
359,WD ,350000,33.5345405767941
360,WD ,145000,19.297311684854936
361,WD ,418000,30.613739563497877
362,WD ,64000,11.136244997389943
363,WD ,159434,35.42977777777778
364,New,260261,22.000084530853762
365,WD ,166000,19.483568075117372
366,WD ,130000,19.23076923076923
367,WD ,112000,18.09077693425941
368,WD ,155000,17.816091954022987
369,New,269500,22.452720153295008
370,WD ,172000,13.543307086614174
371,CWD,219500,16.723809523809525
372,WD ,133500,15.454966427413753
373,WD ,170000,17.05628574295174
374,WD ,150000,15.625
375,WD ,130000,10.176921872553624
376,WD ,143000,17.51806933725346
377,COD,140000,14.141414141414142
378,WD ,244000,17.874148414035602
379,WD ,101000,14.027777777777779
380,WD ,125000,12.820512820512821
381,WD ,183000,16.36266094420601
383,WD ,112500,17.6056338028169
384,WD ,207500,20.263671875
385,WD ,225000,24.151996565049377
386,WD ,119900,16.65277777777778
387,New,293000,23.961400065423618
388,WD ,180000,17.41654571843251
389,WD ,169900,13.78163530175211
391,WD ,152000,15.715467328370554
392,New,300000,21.46690518783542
393,WD ,107000,13.68461440081852
394,WD ,122500,10.802469135802468
395,WD ,89000,52.976190476190474
396,WD ,95000,15.830694884185968
397,CWD,143450,12.260683760683762
398,New,376162,29.255094104837454
399,WD ,167500,18.010752688172044
400,WD ,153337,21.849102308349956
401,WD ,103600,15.62829989440338
402,WD ,128200,12.03755868544601
403,WD ,177500,83.84506376948512
404,WD ,320000,23.44322344322344
405,WD ,190000,22.530534803747184
407,WD ,93000,15.5
408,WD ,40000,4.705882352941177
410,WD ,50138,5.755050505050505
411,WD ,148000,18.693949728432486
412,WD ,120500,17.463768115942027
413,WD ,139500,14.090909090909092
414,WD ,320000,24.08550353755833
415,WD ,219000,16.992551210428307
416,WD ,131000,14.743950478334272
417,New,171925,19.411200180648073
418,WD ,177900,12.583999434109076
419,CWD,141500,21.05654761904762
420,WD ,191000,25.466666666666665
421,New,158000,12.086903304773562
422,New,248900,23.35773273273273
423,WD ,175000,24.305555555555557
424,WD ,185900,21.125
425,WD ,163000,15.092592592592593
427,WD ,157500,12.10235131396957
428,WD ,245000,15.412682435832913
429,WD ,180000,33.364226135310474
430,WD ,148800,29.147894221351617
431,WD ,237000,25.01847355642352
432,WD ,60000,7.142857142857143
433,WD ,165000,13.634110064452157
434,WD ,240000,22.008253094910593
435,WD ,160000,16.74340728338217
436,WD ,128000,19.906687402799378
438,WD ,256000,17.420891459680163
439,WD ,143000,15.88888888888889
440,New,231713,27.690368068833653
441,WD ,155000,3.7259615384615383
442,WD ,128500,19.79969183359014
443,WD ,168000,23.045267489711936
444,WD ,184000,24.62526766595289
446,WD ,185000,15.789024494324487
447,WD ,230500,20.59138824370198
448,WD ,227000,20.177777777777777
449,WD ,173500,20.097301054094753
450,WD ,140000,16.666666666666668
451,WD ,247000,24.608946896483012
452,WD ,149900,18.704766658347893
453,WD ,158000,12.89795918367347
454,WD ,147110,61.21930919683729
455,WD ,119500,13.895348837209303
456,WD ,205000,14.985380116959064
458,WD ,236500,43.885693078493226
459,WD ,137000,12.580348943985308
460,WD ,122000,12.489762489762489
461,New,176485,19.624708106304904
462,WD ,109000,9.338588074023304
463,WD ,330000,33.80108573184472
464,WD ,143000,14.538430256201709
465,WD ,410000,38.83679075494932
466,WD ,201000,23.75324982273694
467,COD,80000,7.395082270290257
468,WD ,259500,35.74872571979611
469,WD ,279900,23.720338983050848
470,WD ,154000,20.533333333333335
471,WD ,277000,1.7421383647798743
472,WD ,128000,19.728729963008632
473,WD ,256300,18.011243851018975
474,WD ,188000,24.07170294494238
475,WD ,312500,21.805875375061056
476,WD ,151000,47.45443117536141
477,WD ,122500,63.802083333333336
478,WD ,188000,18.595450049455984
479,New,209700,19.091405680990533
480,WD ,441929,31.382545093026557
481,WD ,163000,19.221698113207548
482,WD ,187500,15.362556329373207
483,WD ,220000,13.968253968253968
484,WD ,127000,15.77639751552795
487,WD ,73000,13.952599388379205
488,WD ,374000,31.57183859530643
489,WD ,421250,24.92603550295858
490,WD ,178000,18.47239518472395
491,WD ,137500,13.733519776268478
492,WD ,301500,21.07949381248689
493,WD ,105000,18.398458033993343
494,WD ,157500,16.826923076923077
495,WD ,117000,20.598591549295776
496,WD ,105000,15.0
497,WD ,115000,10.973282442748092
498,WD ,360000,31.09345310070824
500,WD ,173000,18.948521358159912
501,WD ,78500,7.268518518518518
502,WD ,183500,22.25861232411451
503,WD ,93000,15.5
504,WD ,226500,62.55178127589064
505,WD ,178000,22.712772744672705
506,WD ,226000,21.190811064228786
507,WD ,173000,16.543941857129195
508,WD ,62383,7.5332689288733246
509,New,446261,29.854227990366603
510,WD ,160000,22.857142857142858
511,WD ,219990,55.83502538071066
512,WD ,191000,20.358132594329568
513,WD ,136500,19.915377881529036
515,WD ,229000,16.549830165498303
516,WD ,236000,23.74723284363051
517,New,392000,31.029842476054778
518,WD ,149000,21.669575334496802
519,WD ,345000,87.31966590736522
520,WD ,169000,17.146915584415584
521,WD ,109900,6.171383647798742
522,WD ,188000,19.528409681105224
523,WD ,132500,22.083333333333332
524,WD ,143000,14.656144306651635
525,WD ,125000,13.469827586206897
526,WD ,415000,28.078484438430312
527,WD ,125500,16.214470284237727
528,WD ,139000,14.479166666666666
529,ConLI,451950,33.532423208191126
531,WD ,220000,32.102728731942214
532,WD ,167300,15.683884878597544
533,WD ,122000,14.856307842182172
534,ConLI,125000,13.736263736263735
535,WD ,112500,18.75
536,WD ,191000,20.502361528553028
537,WD ,136000,14.370245139475909
538,WD ,197900,19.028846153846153
539,WD ,117000,22.033898305084747
540,New,194000,26.194977045638673
541,WD ,285000,62.8029969149405
543,WD ,268000,20.08092312303312
544,WD ,137000,14.213092644465194
545,WD ,215000,13.972834210697341
546,WD ,129500,12.885572139303482
547,WD ,115000,18.42948717948718
548,WD ,114000,15.18784972022382
549,WD ,107000,12.02247191011236
550,COD,118500,13.974056603773585
551,WD ,120000,20.0
552,WD ,260000,29.388493274556346
553,WD ,136000,16.8944099378882
554,WD ,123000,14.829997588618278
556,WD ,199500,10.787282361847085
557,WD ,109900,15.344875733035465
558,WD ,234000,21.432496794284667
559,WD ,155900,35.152198421646
560,WD ,161500,14.355555555555556
561,COD,137500,9.565217391304348
563,WD ,211000,21.038986937880146
564,COD,181000,44.58128078817734
565,WD ,174900,19.390243902439025
566,WD ,164500,13.967903540799863
567,WD ,214000,21.040212368498672
568,WD ,185000,17.78846153846154
569,WD ,123000,19.71153846153846
570,WD ,183500,15.102880658436215
571,WD ,174000,65.78449905482042
572,COD,130000,5.728891239203244
573,WD ,178000,18.541666666666668
574,WD ,189900,13.731019522776572
575,WD ,144000,32.468996617812856
576,WD ,120500,20.458404074702887
577,WD ,145000,13.352979095681002
578,WD ,251000,47.091932457786115
582,WD ,212500,20.61705636945765
583,WD ,164000,36.44444444444444
584,WD ,139000,15.342163355408388
585,WD ,160000,74.07407407407408
586,WD ,149000,19.42886947450776
587,WD ,130000,13.187259078920674
588,WD ,140000,13.592233009708737
589,New,264500,32.55384615384615
590,WD ,141000,9.494949494949495
591,New,199900,46.77117454375293
592,WD ,167900,17.39896373056995
593,WD ,181900,12.471717517997943
594,WD ,262500,29.166666666666668
595,WD ,230000,16.698126905764482
596,CWD,328900,64.2508302402813
597,WD ,232698,25.145666738707586
598,WD ,221800,21.48392096086788
599,WD ,152400,18.197014925373136
600,WD ,213000,21.846153846153847
601,WD ,184900,24.2269392033543
602,WD ,157000,9.968253968253968
603,WD ,144000,15.584415584415584
604,WD ,192350,18.495192307692307
605,CWD,163500,18.579545454545453
606,WD ,262280,22.153898133288283
607,WD ,214000,23.4263820470717
608,WD ,230000,16.294721927027986
609,New,280000,19.782393669634025
610,WD ,140000,21.325209444021326
611,WD ,155000,20.12987012987013
613,WD ,218000,17.636113583043443
614,WD ,160000,16.46090534979424
615,New,208900,24.17824074074074
617,WD ,146000,45.911949685534594
618,WD ,245500,16.407137606095034
619,WD ,113000,22.6
620,WD ,296000,17.545939537640784
621,WD ,377426,26.660026841845024
622,WD ,337500,27.095375722543352
623,WD ,552000,37.20679428417363
624,WD ,97900,14.074180563542265
625,New,208300,26.494530653777666
626,WD ,213000,19.27601809954751
627,WD ,188000,21.066786194531602
628,WD ,162000,16.857440166493237
629,WD ,152000,11.086797957695113
630,WD ,254900,20.307520713830467
631,WD ,189000,12.976313079299691
632,WD ,235000,12.662320168112506
633,ConLD,125000,11.488970588235293
634,WD ,120000,52.63157894736842
637,New,370878,40.369870469141176
638,WD ,145000,23.125996810207337
639,WD ,311500,19.891443167305237
640,New,210250,68.10819565921607
641,WD ,200000,14.869888475836431
643,WD ,114000,13.994598575988215
644,WD ,87500,9.114583333333334
645,WD ,349265,28.331035042180403
646,WD ,203000,20.01774972882359
647,WD ,189000,22.159690467815686
648,WD ,209000,25.716746646979207
649,WD ,160000,19.047619047619047
650,WD ,129000,11.998883824760487
651,WD ,170000,16.983016983016984
652,WD ,90350,21.10981308411215
654,WD ,149900,15.295918367346939
655,WD ,123000,16.26984126984127
656,WD ,87000,9.0625
657,WD ,171000,17.307692307692307
658,WD ,119000,12.395833333333334
659,WD ,132500,16.70659437649729
660,WD ,161000,31.568627450980394
661,WD ,274000,28.189300411522634
662,WD ,125000,14.669639713648634
664,WD ,262000,21.02559987159939
665,WD ,134900,19.41007194244604
666,WD ,170000,10.056196391600118
667,WD ,135000,18.867924528301888
668,WD ,290000,31.504617055947854
669,New,173500,22.541249837599064
670,WD ,225000,28.846153846153847
671,CWD,140500,9.786167026537578
672,WD ,126000,14.35897435897436
673,WD ,170000,64.27221172022685
674,WD ,156000,11.497641509433961
675,WD ,207500,12.713681759696097
676,New,255000,29.51388888888889
677,WD ,94900,59.46115288220551
678,WD ,140000,19.138755980861244
679,WD ,96900,12.72655634357762
680,WD ,154000,14.0
681,WD ,184900,17.887201315662185
682,New,385000,26.008241572654192
683,WD ,106500,12.150598973188819
684,WD ,327000,25.70754716981132
685,WD ,468000,42.05607476635514
686,WD ,135000,26.162790697674417
687,WD ,142500,10.901162790697674
688,WD ,141000,15.997277059223961
690,WD ,108500,24.1971454058876
691,WD ,150000,16.63155560483424
693,ConLD,235128,19.70566543747905
694,WD ,302000,2.6226888639936083
695,WD ,163000,11.374738311235172
697,WD ,147000,63.69150779896014
698,WD ,155000,62.0
699,WD ,180000,22.363026462914647
701,WD ,187500,19.551616266944734
702,WD ,125000,17.36111111111111
703,WD ,250000,21.73913043478261
704,WD ,78000,11.545293072824157
706,New,318000,26.433915211970074
707,WD ,215000,22.50366338706301
709,COD,180000,15.843675732770002
710,WD ,184000,14.81958762886598
711,WD ,124500,12.96875
712,WD ,135000,16.329986694084916
713,WD ,164900,27.483333333333334
714,COD,140000,14.583333333333334
715,WD ,128000,17.41496598639456
716,WD ,153000,19.862391276126186
717,WD ,127500,29.33057280883368
718,WD ,141500,14.739583333333334
719,WD ,325000,26.517624020887727
720,WD ,188500,19.7444223316225
721,New,185000,25.694444444444443
723,WD ,119000,33.05555555555556
724,COD,112000,66.66666666666667
725,WD ,197000,59.408926417370324
726,New,412083,25.146945749679624
727,WD ,271000,20.429702223897475
728,WD ,200000,61.69031462060457
729,WD ,174000,19.352686019352685
730,WD ,156500,19.5625
731,WD ,204000,21.928410190261207
732,WD ,149350,17.480102996254683
733,WD ,137000,11.99124726477024
734,WD ,222500,19.51069800070151
735,New,166000,20.172560456920646
738,WD ,99900,31.684110371075167
739,WD ,249700,22.50360490266763
740,WD ,158500,11.321428571428571
742,WD ,202000,24.944430723635467
743,WD ,145000,17.276301679971404
744,WD ,108959,8.446434108527132
745,WD ,160000,2.797202797202797
746,WD ,128600,15.91978212428819
747,WD ,197900,15.980297157622738
748,WD ,172000,17.326483328296565
749,WD ,130000,7.975460122699387
750,WD ,195000,24.6367656348705
751,WD ,113000,5.195402298850575
752,WD ,209000,22.926722246599386
753,WD ,213500,14.806852070185172
754,WD ,126000,9.640397857689365
755,COD,127500,12.937595129375952
756,WD ,334000,41.143138704114314
757,WD ,157000,14.377289377289378
758,WD ,125500,19.015151515151516
759,WD ,189000,23.05159165751921
760,WD ,173000,17.392178546295366
761,WD ,260000,18.143754361479413
762,WD ,212000,19.68613613148853
763,WD ,148000,16.730725751752203
764,COD,136300,12.858490566037736
765,WD ,190000,10.058231868713605
766,WD ,139500,15.259243054036316
767,WD ,162000,20.903225806451612
768,WD ,100000,16.501650165016503
769,WD ,126500,12.436099095556429
770,WD ,301000,28.998073217726397
771,WD ,204750,21.92888508086109
773,WD ,130000,13.541666666666666
774,WD ,155000,17.939814814814813
775,WD ,155000,19.54356323288362
776,WD ,131500,11.311827956989248
777,WD ,153000,15.9375
778,WD ,306000,26.659696811291166
779,New,332200,42.91989664082687
780,New,293077,30.785399159663864
781,WD ,128000,7.442293156578871
782,WD ,152000,28.14814814814815
784,WD ,117500,11.868686868686869
785,WD ,127500,21.25
786,WD ,373000,20.98098773765328
788,WD ,203135,10.340290150165437
789,WD ,191000,21.82857142857143
792,WD ,245000,26.808184702921544
793,WD ,213250,21.030571992110453
795,WD ,185000,18.242776846464846
796,WD ,113500,51.47392290249433
797,WD ,68000,6.230529595015576
798,WD ,201000,21.857329273597216
799,WD ,226700,23.12557380393757
800,New,500067,29.12615760964529
801,WD ,201490,21.970341293206847
802,WD ,155000,15.897435897435898
803,WD ,145000,16.852626685262667
804,WD ,128000,20.796100731112915
805,WD ,187000,19.711183725097502
806,WD ,145500,39.59183673469388
807,WD ,75000,7.352941176470588
808,WD ,217000,18.46808510638298
809,WD ,220000,18.493611297915265
810,WD ,165150,15.879807692307692
811,WD ,147000,13.400182315405651
812,WD ,203000,17.083228141041825
813,WD ,165500,15.684230477634571
815,WD ,187000,19.15983606557377
816,WD ,180000,60.04002668445631
817,WD ,146500,21.477789180472072
818,WD ,270000,23.780165580412188
819,WD ,147000,16.20906384386371
820,WD ,132000,16.36904761904762
821,WD ,105000,19.444444444444443
823,WD ,538000,10.055322966507177
825,WD ,325000,24.671676914901692
826,WD ,124000,13.069139966273188
827,WD ,137000,10.128641135590714
828,WD ,142900,13.72718539865514
829,WD ,147000,12.25
830,COD,128000,16.347381864623244
831,ConLw,144000,16.271186440677965
832,WD ,205000,28.74369040942232
833,WD ,167000,16.805877025259132
834,WD ,66500,11.625874125874127
835,WD ,315000,25.02979737783075
836,New,155835,14.035395838962442
837,WD ,239500,29.88893048795707
838,WD ,300000,27.59381898454746
839,WD ,282000,24.944714727996462
840,WD ,120000,13.186813186813186
841,WD ,241500,6.175838788870704
842,New,336860,33.31948565776459
843,WD ,91000,9.298998569384835
844,New,207500,38.930581613508444
845,WD ,250000,65.59958016268696
846,New,167240,55.561461794019934
847,WD ,178000,51.819505094614264
848,COD,127000,11.75925925925926
849,WD ,218500,20.897092578423873
850,WD ,135750,16.01769911504425
851,WD ,214000,26.107112358179823
852,COD,257000,23.376387120247408
853,WD ,157000,26.166666666666668
854,WD ,102000,13.995609220636663
855,WD ,163500,12.238023952095809
856,WD ,204000,19.738751814223512
857,WD ,103500,8.795784821959717
859,WD ,118000,21.85185185185185
860,WD ,235000,25.824175824175825
861,WD ,132500,17.14544513457557
862,WD ,221300,25.21075415812258
863,WD ,190000,22.387180393543066
864,WD ,222000,22.356495468277945
865,WD ,335000,19.142857142857142
866,WD ,257500,25.230256711738193
867,New,264132,18.107355864811133
868,WD ,130000,16.666666666666668
869,WD ,137000,27.620967741935484
870,WD ,99500,13.460497835497835
871,WD ,160250,21.58539870689655
872,WD ,130000,51.54639175257732
873,WD ,75200,20.47930283224401
874,WD ,131250,17.032182714767714
875,WD ,148000,11.447134349137597
876,Oth,124100,13.321167883211679
877,WD ,178400,14.717043392179509
879,WD ,217000,17.56800518134715
880,New,252000,20.245842371655822
881,WD ,152000,20.266666666666666
882,WD ,132000,21.568627450980394
883,WD ,120000,12.531328320802006
884,New,338500,34.047475357071015
885,WD ,105000,13.294504937958976
886,WD ,175000,8.001097293343086
887,WD ,192000,19.1904047976012
888,WD ,195000,15.734688937303316
889,WD ,210000,23.333333333333332
890,WD ,211000,26.793650793650794
891,WD ,128000,21.333333333333332
892,WD ,180500,17.73955773955774
893,WD ,90000,6.617647058823529
894,WD ,138500,11.378573775879067
895,New,169985,16.604962391325582
896,WD ,146000,20.857142857142858
897,WD ,228000,20.30637691485572
898,WD ,159000,19.875
899,New,266000,24.794929157345265
900,WD ,139000,23.166666666666668
902,WD ,212999,24.314954337899543
903,WD ,326000,20.333063057444022
904,WD ,179000,19.83599290780142
905,WD ,294000,25.42592752745827
906,WD ,97000,57.73809523809524
907,New,239799,27.37431506849315
908,WD ,161000,16.770833333333332
909,WD ,136500,30.777903043968433
910,WD ,118000,70.23809523809524
911,WD ,129500,17.041716015265166
912,WD ,205000,28.22136563876652
913,WD ,200624,6.141300355087547
914,New,322400,27.264270613107822
915,WD ,293200,28.745098039215687
916,WD ,266000,30.059893773307717
917,WD ,172500,15.42381974248927
918,WD ,124900,14.160997732426305
919,WD ,149000,22.52456538170824
920,WD ,185500,21.14442038071355
921,WD ,220000,19.841269841269842
922,New,225000,24.568683118584843
923,WD ,124000,14.97584541062802
925,WD ,126500,14.64968152866242
926,COD,111250,8.73576756968983
927,WD ,248000,22.545454545454547
928,COD,136870,18.032938076416336
929,WD ,133000,29.988726042841037
930,WD ,135000,13.297872340425531
931,COD,111900,10.869354055366683
932,WD ,140000,18.034265103697024
934,New,455000,32.804614275414565
935,WD ,290000,28.656126482213438
936,WD ,235500,21.765249537892792
937,WD ,156500,16.302083333333332
938,WD ,172400,21.22891269548085
939,New,182000,15.637082223558725
940,New,372397,27.067669719435965
941,WD ,260000,26.60935421144202
944,COD,158000,15.122511485451762
945,WD ,127000,14.70758540822235
946,WD ,270000,22.537562604340568
947,WD ,316600,25.683459073578323
948,WD ,177000,15.375260597637249
949,WD ,271900,18.516752928357395
950,WD ,115000,43.151969981238274
952,WD ,315000,17.457326535136332
953,WD ,213500,23.093564088696592
955,WD ,115000,19.166666666666668
956,WD ,176400,48.62183020948181
957,WD ,185750,20.287243337702055
958,WD ,230000,25.369512464151775
960,New,160000,2.5044218698639784
961,WD ,129500,17.876863611264493
962,WD ,153000,15.070921985815604
963,New,173733,57.911
965,WD ,172500,9.93663594470046
966,WD ,188000,11.781663219903491
967,WD ,181500,18.90625
968,ConLw,212000,19.874378925658572
969,WD ,188900,17.939221272554605
971,WD ,230000,13.46446551926004
972,WD ,122000,7.49063670411985
973,WD ,133500,12.081447963800905
974,WD ,256000,24.521072796934867
975,WD ,129500,48.592870544090054
976,WD ,318000,30.609298296274908
977,WD ,255900,26.496168979084697
979,WD ,259000,18.340178444979465
980,COD,217000,10.333333333333334
981,WD ,210000,24.03571019800847
982,WD ,148500,16.97142857142857
983,New,156932,18.46476056006589
984,WD ,145000,13.096098265895954
985,WD ,200000,29.577048210588583
986,WD ,450000,29.162076339835398
987,WD ,172500,53.40557275541796
988,WD ,240000,22.22222222222222
989,WD ,340000,30.512429327829132
990,WD ,201000,22.521008403361346
991,WD ,122000,11.780610274237157
992,WD ,213000,17.318481177331492
993,WD ,175000,17.67676767676768
994,New,195400,28.896776101745047
995,WD ,113500,9.763440860215054
996,WD ,140200,21.787101787101786
997,COD,116000,13.727810650887575
998,New,359900,31.087501079727044
999,WD ,157500,18.884892086330936
1000,COD,190000,17.743742995890923
1001,WD ,100000,14.46968600781363
1002,WD ,160000,18.181818181818183
1003,WD ,203000,18.903063599962753
1004,WD ,302000,31.550355202674467
1005,WD ,143000,17.848227658512233
1006,WD ,267000,16.45507210649575
1008,WD ,153500,34.111111111111114
1009,WD ,171000,10.272121102901425
1010,WD ,107000,12.288962903411049
1011,WD ,128500,15.481927710843374
1012,WD ,116000,11.87308085977482
1013,WD ,160000,9.195402298850574
1014,WD ,180000,35.50295857988166
1015,WD ,133000,16.792929292929294
1016,WD ,215000,30.626780626780626
1017,WD ,177500,23.666666666666668
1018,WD ,215000,20.260082924990577
1019,WD ,150000,24.50980392156863
1020,WD ,320000,25.85649644473174
1021,WD ,167000,16.69332267093163
1024,New,200141,17.909709172259507
1025,New,235876,23.670446562970398
1026,WD ,123000,14.203233256351039
1027,WD ,137500,11.11111111111111
1029,WD ,160000,18.48001848001848
1030,WD ,181000,22.448220265409898
1031,WD ,125000,15.179113539769277
1032,WD ,154000,13.162393162393162
1033,WD ,231000,17.822698865828254
1034,WD ,142000,16.80473372781065
1035,WD ,475000,20.697167755991284
1036,New,375000,65.24008350730689
1038,WD ,185000,24.666666666666668
1039,WD ,108500,10.80462059350727
1040,WD ,147400,57.94025157232704
1041,WD ,156000,41.40127388535032
1042,WD ,120000,11.627906976744185
1043,WD ,167000,17.156359153482637
1044,WD ,191000,60.02514142049026
1045,WD ,161500,18.203336339044185
1046,COD,130000,10.657484833579275
1047,WD ,132500,15.625
1048,WD ,144000,14.117647058823529
1050,WD ,117000,16.25
1052,WD ,256000,4.80958911830462
1053,WD ,117500,12.912087912087912
1054,WD ,160000,16.666666666666668
1055,WD ,187000,13.192239858906525
1056,WD ,350000,24.51495412201443
1057,WD ,133000,14.777777777777779
1058,WD ,417500,30.490031402906595
1059,WD ,175900,48.39064649243466
1060,New,323262,29.56754779109119
1061,WD ,185000,21.893491124260354
1062,WD ,129800,15.181286549707602
1063,New,220000,18.059431948776883
1064,WD ,133000,21.73202614379085
1065,WD ,133500,12.36111111111111
1066,ConLD,170000,13.322884012539184
1067,WD ,168000,21.946440235140432
1068,WD ,140750,13.328598484848484
1069,WD ,204000,27.2
1070,WD ,222500,23.40873224618622
1071,WD ,134500,13.179813816756491
1072,WD ,214000,48.869604932633024
1073,WD ,119900,15.371794871794872
1075,WD ,135000,19.285714285714285
1076,WD ,207000,15.858423350953803
1077,WD ,136500,16.25
1078,WD ,107900,17.983333333333334
1079,WD ,126000,20.192307692307693
1080,WD ,215000,6.767390620081838
1081,New,426000,34.15103415103415
1082,WD ,147000,15.3125
1083,WD ,147500,17.20317238161885
1084,WD ,383000,26.56401720072132
1085,WD ,241500,23.221153846153847
1086,WD ,147500,9.476998200976613
1087,WD ,355000,26.212803662408625
1090,COD,244400,10.145288501452885
1091,WD ,167000,17.395833333333332
1092,WD ,200000,24.515812699190977
1093,WD ,80000,15.32567049808429
1094,WD ,115000,14.072442486539403
1095,WD ,139000,15.444444444444445
1096,WD ,149500,19.05915349311576
1097,WD ,108000,11.889035667107
1099,WD ,194000,22.67414679756896
1100,WD ,129500,14.23076923076923
1101,WD ,126000,14.536225196123674
1102,WD ,120000,10.198011387779383
1103,WD ,213000,25.357142857142858
1104,WD ,190000,49.044914816726894
1105,WD ,183500,22.721644378405152
1106,WD ,172000,17.046580773042617
1107,WD ,100000,11.265067027148811
1108,WD ,218836,19.78983541327546
1109,WD ,163000,15.092592592592593
1110,New,206580,18.8899049012436
1111,New,163990,19.381869755348067
1112,WD ,116500,15.496142591114658
1113,WD ,188000,23.470661672908864
1114,WD ,175000,17.412935323383085
1115,WD ,182000,38.39662447257384
1116,WD ,103000,14.760676411579249
1117,WD ,466500,40.921052631578945
1118,WD ,149500,16.17965367965368
1119,WD ,142500,61.848958333333336
1120,WD ,136500,18.89796483455628
1121,WD ,137000,37.929125138427466
1122,WD ,226500,17.86277602523659
1123,WD ,171500,16.853380503144653
1124,WD ,132500,12.291280148423006
1126,WD ,223000,20.946834491827918
1127,COD,174000,20.714285714285715
1128,WD ,142000,9.20404459424423
1129,New,232600,20.738231098430813
1130,WD ,181000,17.850098619329387
1131,WD ,151400,38.19374369323915
1132,WD ,250000,21.876093804690235
1133,WD ,196500,18.856155839170906
1134,WD ,185000,13.703703703703704
1135,WD ,113000,12.555555555555555
1136,New,392000,48.460872790208924
1138,WD ,177000,83.60888049126122
1139,WD ,265000,24.941176470588236
1140,WD ,312500,37.14489480565791
1141,WD ,325000,24.074074074074073
1142,WD ,275000,17.54274049502424
1143,WD ,290000,29.14572864321608
1144,WD ,169000,10.966904607397794
1145,WD ,89000,14.833333333333334
1146,WD ,180400,21.47107831468698
1148,COD,114500,11.280788177339902
1149,New,212900,21.112653708845695
1150,WD ,187100,11.489100399140312
1151,WD ,176000,54.4891640866873
1152,CWD,215000,9.96339033319431
1153,WD ,185900,22.34375
1154,WD ,120500,17.313218390804597
1155,WD ,192140,8.761513907888737
1156,WD ,130500,19.772727272727273
1158,WD ,475000,40.32942774664629
1159,WD ,67000,7.471841195494592
1160,New,325624,30.82976708956637
1161,WD ,245000,19.045398009950247
1162,WD ,159000,11.610076670317634
1163,WD ,156000,15.161823306443775
1164,WD ,555000,35.96656081913032
1165,WD ,162500,14.613309352517986
1166,WD ,224500,24.754658727533354
1167,WD ,133000,2.8130287648054146
1168,WD ,180000,22.857142857142858
1169,WD ,134500,20.37878787878788
1170,New,438780,32.06987282561029
1171,WD ,165000,18.0327868852459
1172,WD ,100000,13.986013986013987
1173,WD ,176000,14.326414326414326
1174,WD ,170000,9.486607142857142
1175,WD ,174000,47.23127035830619
1176,WD ,127000,18.12731944047959
1177,WD ,185900,22.157330154946365
1178,WD ,91300,15.784923928077456
1179,WD ,200000,21.893814997263274
1180,WD ,143000,13.62423780487805
1181,WD ,172500,12.637362637362637
1182,COD,110000,13.240250361097738
1183,WD ,140000,14.814814814814815
1184,WD ,176432,18.93656756466674
1185,WD ,179200,25.05242555571089
1186,New,203000,23.031540730655774
1187,New,248328,25.213524215656413
1188,WD ,316500,21.8834266749637
1189,WD ,125600,24.20038535645472
1190,WD ,110000,11.282051282051283
1191,WD ,108500,18.083333333333332
1192,WD ,55993,6.427112029384757
1193,WD ,129000,10.885157370686018
1194,WD ,176000,12.74346535370357
1195,WD ,154000,15.18288474810214
1196,WD ,180000,9.854913769504517
1197,WD ,134000,31.723484848484848
1198,WD ,243000,19.2627824019025
1199,WD ,270000,18.574573472757294
1200,WD ,134000,14.585827800152389
1201,WD ,260000,26.262626262626263
1202,WD ,168675,20.241809672386896
1203,WD ,160000,15.768207351926678
1205,WD ,173000,14.854885797698781
1206,New,187750,26.07638888888889
1207,WD ,215000,10.465342679127726
1208,WD ,120000,12.022843402464684
1209,WD ,249000,30.17816022300327
1210,WD ,164500,16.222879684418146
1212,WD ,140000,24.56140350877193
1213,WD ,118900,16.51388888888889
1214,WD ,239900,26.13859228590107
1215,WD ,146300,36.18600049468217
1216,WD ,124000,29.356060606060606
1217,WD ,130000,11.570983533600357
1218,WD ,179000,21.183431952662723
1219,WD ,180500,15.23078221247152
1220,WD ,80000,17.36111111111111
1221,New,287090,30.99654502267329
1223,WD ,246990,84.06739278420694
1224,WD ,154204,8.491409691629956
1225,WD ,186000,16.380449141347423
1226,WD ,111750,66.51785714285714
1227,WD ,500000,34.96503496503497
1228,New,177439,16.714299171062546
1229,WD ,335000,29.625044216483904
1230,WD ,205000,19.561068702290076
1231,WD ,212000,41.42243063696757
1232,WD ,246000,64.54998688008396
1233,WD ,181900,16.803695150115473
1234,WD ,130000,23.636363636363637
1235,WD ,132000,13.75
1236,CWD,220000,23.612750885478157
1237,WD ,236500,19.9780368305457
1238,New,263435,32.912918540729635
1239,COD,141000,20.50610820244328
1240,WD ,213000,25.369223439733208
1241,New,179781,18.339385902274813
1242,WD ,234250,37.5400641025641
1243,COD,287000,18.51851851851852
1244,WD ,257500,19.97517647971453
1245,WD ,102000,16.50485436893204
1246,WD ,139400,18.71392133172238
1247,WD ,105000,10.086455331412104
1248,WD ,268000,16.89253072801765
1249,WD ,274970,13.964956830878618
1250,WD ,180000,56.56819610307982
1251,WD ,161000,16.770833333333332
1253,WD ,119000,8.758371973209686
1254,WD ,370000,32.322879357036776
1255,WD ,175900,24.288870477768572
1257,WD ,279700,29.547855482780477
1258,WD ,132000,15.714285714285714
1259,WD ,313000,28.32579185520362
1260,COD,108000,9.782608695652174
1261,WD ,165400,23.863800317414515
1262,WD ,187000,15.034571474513587
1263,WD ,403000,26.621746597965384
1264,WD ,195000,16.18794620620953
1265,WD ,158500,16.510416666666668
1266,WD ,255000,22.433359725521246
1267,WD ,236500,9.07068615042381
1268,WD ,129250,18.076923076923077
1269,WD ,289000,18.523266247916933
1271,WD ,275000,21.60590823381521
1272,WD ,207000,17.70744225834046
1273,WD ,146000,15.817984832069339
1274,WD ,116000,61.37566137566137
1275,WD ,219500,23.413333333333334
1276,WD ,173000,49.71264367816092
1277,WD ,135000,7.8763127187864646
1278,WD ,213000,24.34563950165733
1279,WD ,150000,13.186813186813186
1280,New,194201,49.51580826109128
1281,WD ,181000,56.882463859208045
1282,COD,157900,16.194871794871794
1283,WD ,217000,16.16266944734098
1284,WD ,252000,23.83204085492718
1285,WD ,197000,22.57620903048361
1286,WD ,189500,23.73496993987976
1287,WD ,116000,14.064015518913676
1288,WD ,143000,14.606741573033707
1289,WD ,119000,16.52777777777778
1290,WD ,127500,17.708333333333332
1291,WD ,200825,24.716923076923077
1292,ConLD,35000,4.327398615232443
1293,WD ,292500,23.379426105027576
1294,WD ,106000,56.71482075976458
1295,WD ,85000,9.18025704719732
1296,WD ,286500,17.08407871198569
1297,WD ,127500,31.535988127628
1298,New,210400,23.377777777777776
1299,WD ,274000,21.613946517314822
1300,New,264966,20.61671335200747
1301,COD,50000,4.844961240310077
1302,WD ,139000,12.87037037037037
1303,WD ,300000,15.367277942833725
1304,WD ,345000,24.89177489177489
1305,WD ,228000,19.1162907688438
1306,WD ,165500,13.849372384937238
1307,WD ,107000,10.801534423581668
1308,WD ,286000,58.09465772902701
1310,WD ,115000,14.743589743589743
1311,WD ,215000,67.27158948685857
1312,WD ,179900,18.120467365028205
1313,WD ,212000,31.085043988269796
1314,WD ,250000,19.043266301035953
1315,WD ,149000,23.878205128205128
1316,WD ,188000,23.5
1317,WD ,99800,9.586935638808837
1318,WD ,159500,14.768518518518519
1319,WD ,184500,13.87218045112782
1320,New,276000,28.785982478097623
1321,WD ,155000,67.157712305026
1322,WD ,160000,11.955465889561383
1323,WD ,157500,16.844919786096256
1324,WD ,285000,28.811160533764657
1326,WD ,229000,21.72469405179774
1328,WD ,128500,12.495138078568651
1329,WD ,286000,29.606625258799173
1330,WD ,189500,18.61675999607034
1332,WD ,128500,22.041166380789022
1333,WD ,156000,12.893627572526656
1334,WD ,281213,22.203947887879984
1335,WD ,242000,8.752260397830018
1336,WD ,157500,8.948863636363637
1337,WD ,196500,27.43647025970399
1338,WD ,193000,22.22222222222222
1339,WD ,132000,21.153846153846153
1340,WD ,139900,21.686560223221207
1341,WD ,148000,16.894977168949772
1342,New,281500,22.39815404201146
1343,WD ,342000,26.16879638840003
1344,WD ,148000,13.35740072202166
1345,WD ,140000,13.012361743656474
1346,WD ,150000,16.716817118020728
1347,WD ,279500,25.43221110100091
1348,WD ,140000,38.095238095238095
1349,WD ,145000,17.2927847346452
1350,WD ,184000,31.410037555479686
1351,WD ,206000,53.09278350515464
1352,WD ,85500,56.848404255319146
1353,WD ,188700,15.74074074074074
1354,WD ,200000,18.301610541727673
1355,WD ,162000,15.0306179254036
1356,WD ,108000,10.588235294117647
1357,WD ,213000,22.724847967566415
1358,New,318000,26.31361191559785
1359,WD ,106000,13.08641975308642
1360,WD ,235000,11.779448621553884
1362,COD,163000,15.985093654996568
1363,WD ,126000,15.441176470588236
1364,WD ,200000,17.50393838613688
1365,WD ,144000,12.693935119887165
1367,WD ,322500,29.31285220868933
1368,WD ,224900,18.530114525830108
1369,WD ,223500,10.451739618406284
1370,COD,112000,12.547613712749271
1371,WD ,187500,21.54677085727419
1373,ConLI,110000,8.903998704872915
1375,WD ,207000,32.91461281602798
1378,WD ,130000,12.465241154473103
1379,WD ,127000,17.07448238773864
1380,WD ,320000,27.420736932305054
1381,WD ,120000,11.11111111111111
1382,WD ,181000,15.184563758389261
1383,WD ,110000,11.640211640211641
1386,WD ,153500,16.81454704786943
1388,COD,143000,14.895833333333334
1389,WD ,410000,27.85326086956522
1390,WD ,200000,22.857142857142858
1391,WD ,130000,18.2328190743338
1392,WD ,154400,16.513368983957218
1393,WD ,299800,33.44862211313176
1394,WD ,63000,6.441717791411043
1395,WD ,143000,24.63393626184324
1396,WD ,137500,16.680820089773142
1397,WD ,272000,22.245849349799624
1398,WD ,173000,18.70674740484429
1399,WD ,245000,12.086827824370992
1400,WD ,140000,19.444444444444443
1401,New,383970,38.53186151530356
1402,WD ,125000,7.806645016237821
1403,WD ,133000,15.748963883955003
1404,New,244600,25.44735746982938
1405,WD ,139000,13.654223968565816
1406,WD ,112900,14.886603375527427
1407,WD ,111000,23.125
1408,WD ,166000,13.949579831932773
1409,WD ,239000,32.30166238680903
1410,WD ,209200,23.400447427293066
1411,WD ,175000,14.29388221841052
1412,WD ,269500,20.927162602888647
1413,WD ,225000,18.057784911717494
1414,WD ,275000,41.901569404235865
1415,WD ,105000,11.061946902654867
1416,WD ,159950,11.936567164179104
1417,WD ,135000,12.968299711815561
1418,New,345474,24.103397753436127
1420,WD ,198000,9.568453100082154
1421,New,339750,31.458333333333332
1422,WD ,170000,15.74074074074074
1423,WD ,94000,13.055555555555555
1424,New,203160,23.67556228877753
1425,WD ,291000,27.388235294117646
1426,ConLI,200000,24.789291026276647
1427,WD ,119000,13.345295502971851
1430,WD ,205000,27.333333333333332
1431,WD ,108000,64.28571428571429
1432,WD ,143000,5.72
1433,WD ,197000,12.418836285696274
1434,WD ,205950,25.34769230769231
1435,WD ,175000,14.957264957264957
1436,WD ,301000,37.578027465667915
1437,WD ,230000,45.99080183963208
1438,WD ,171750,54.767219387755105
1440,WD ,110000,17.973856209150327
1441,WD ,144500,12.588204547434446
1442,WD ,155000,16.38997567939093
1443,WD ,125000,11.022927689594356
1444,WD ,156500,21.73611111111111
1445,WD ,151000,17.825522370440325
1446,WD ,135000,12.913717237421082
1447,WD ,79400,53.504043126684635
1448,WD ,213000,30.85168018539977
1449,WD ,202900,14.297794376717638
1450,WD ,211000,22.138285594376246
1452,WD ,137450,22.273537514179225
1453,WD ,150000,15.01351216094485
1454,ConLw,95000,10.457948040510788
1455,WD ,179400,78.6842105263158
1457,WD ,98600,11.6
1458,WD ,216000,12.314007183170856
1459,WD ,300000,31.43006809848088
1460,WD ,328000,23.428571428571427
1461,WD ,139000,13.238095238095237
1462,WD ,164000,12.567049808429118
1463,WD ,123900,69.52861952861953
1465,WD ,177000,16.17472356757745
1466,COD,99500,22.97921478060046
1467,New,174190,14.939108061749572
1468,WD ,151000,47.484276729559745
1469,WD ,143750,32.41262683201804
1470,WD ,131900,17.154376381844195
1471,WD ,157000,18.947622495776006
1472,WD ,147000,13.751169317118803
1473,WD ,188500,24.18216805644644
1474,WD ,185850,26.35422575155984
1475,WD ,126000,13.536742587021916
1476,WD ,118000,14.523076923076923
1477,WD ,319900,39.813316739265716
1478,WD ,142500,17.95388685901474
1479,WD ,129900,13.53125
1480,New,202500,29.115744069015097
1482,WD ,185000,18.26980051352953
1483,WD ,138000,58.3756345177665
1484,WD ,114504,31.80666666666667
1485,WD ,113000,12.927582656446631
1486,WD ,125500,23.08682855040471
1487,WD ,165000,11.661601526609655
1488,WD ,79000,15.8
1489,WD ,152000,59.74842767295598
1490,WD ,159000,31.8
1491,WD ,141000,11.286320339390059
1492,WD ,167000,16.107253086419753
1493,WD ,132000,20.754716981132077
1494,WD ,179900,17.369894757169064
1495,WD ,122000,12.424890518382727
1496,WD ,127000,16.003024193548388
1497,WD ,190000,21.657357802348113
1498,WD ,158450,14.103248776145973
1499,WD ,175000,13.580630141238553
1500,WD ,377500,25.34918076819769
1501,WD ,138400,22.17948717948718
1502,WD ,260000,22.327179046801202
1503,New,440000,29.378380182947186
1504,WD ,178000,19.560439560439562
1505,WD ,138500,16.488095238095237
1506,WD ,132000,17.78975741239892
1507,WD ,149900,15.73753280839895
1508,WD ,108000,14.545454545454545
1509,WD ,110000,13.76720901126408
1510,WD ,124000,95.38461538461539
1512,New,194000,53.79922351636162
1513,WD ,108000,12.029405212742258
1514,WD ,122000,13.437603260270954
1515,WD ,148400,87.29411764705883
1516,COD,60000,6.268937415108139
1517,WD ,226500,22.791306097806398
1518,WD ,35311,3.9234444444444443
1520,WD ,137500,11.09318273497378
1521,WD ,147000,15.252126997302344
1522,WD ,309000,23.02876732747056
1523,WD ,315000,17.900778541796896
1524,WD ,147000,16.568981064021642
1525,New,264561,66.43922651933701
1526,WD ,130000,18.22259601906364
1527,WD ,177000,83.60888049126122
1529,WD ,157000,28.545454545454547
1530,WD ,158000,13.676101445511987
1531,WD ,115000,16.083916083916083
1532,WD ,120750,19.212410501193318
1533,WD ,216000,28.8
1534,WD ,75000,37.481259370314845
1535,WD ,192000,9.842116054951815
1536,WD ,160500,22.36622073578595
1537,New,279500,26.239203905369884
1538,WD ,148000,13.17311971517579
1539,WD ,145000,14.125669751583048
1540,WD ,310000,21.31902895261674
1541,WD ,165000,16.201885310290653
1542,WD ,402000,8.628646246968168
1543,WD ,250000,23.529411764705884
1546,WD ,282500,47.79225173405515
1548,WD ,170000,9.512618208270382
1549,WD ,163000,14.173913043478262
1550,WD ,290000,23.659949416659867
1551,WD ,330000,36.48827952233525
1552,WD ,111000,66.07142857142857
1553,WD ,214000,22.602450359104353
1554,WD ,137500,14.66979622319428
1555,WD ,240900,34.41428571428571
1556,WD ,190000,18.653053210288633
1557,WD ,250000,21.43347050754458
1558,WD ,218000,20.24517087667162
1559,WD ,255000,24.216524216524217
1560,New,240000,16.151827175449224
1561,New,360000,34.34786756988837
1562,WD ,179900,19.240641711229948
1565,WD ,180500,26.86811551056862
1566,WD ,269500,22.733024040489244
1567,WD ,225000,18.153945457479427
1568,WD ,141000,20.142857142857142
1569,ConLI,335000,32.31407350245973
1570,WD ,150000,9.84251968503937
1571,WD ,385000,7.658490978894393
1572,WD ,205000,15.073529411764707
1573,WD ,206000,30.46435965690624
1574,WD ,179600,21.129411764705882
1575,COD,102000,11.490368367691788
1576,WD ,175000,11.210044199602844
1577,WD ,159000,11.954887218045112
1578,WD ,135000,20.76923076923077
1579,WD ,136900,14.372703412073491
1580,WD ,135000,19.305019305019304
1581,WD ,337000,35.73700954400849
1582,WD ,250000,22.667512920482366
1583,WD ,306000,21.382153588148977
1585,WD ,146000,40.51054384017758
1586,WD ,161000,15.60077519379845
1587,WD ,205000,19.334150712062623
1588,WD ,241500,59.1332027424094
1589,WD ,118500,14.91879642452474
1590,WD ,130000,18.75901875901876
1591,WD ,130000,18.055555555555557
1592,New,535000,33.329180164465484
1593,WD ,123000,17.202797202797203
1595,WD ,132000,24.672897196261683
1596,WD ,108480,20.08888888888889
1597,WD ,165000,17.304667016255898
1598,WD ,181000,24.324687541997044
1599,WD ,165000,10.714285714285714
1600,WD ,161000,15.269347496206374
1601,New,199000,18.196781272860278
1602,WD ,214900,18.990809473312126
1603,New,198600,22.98611111111111
1604,WD ,258000,21.33995037220844
1605,WD ,269500,33.94634084897342
1606,WD ,176000,22.70967741935484
1607,CWD,158000,16.898395721925134
1608,WD ,184100,23.75483870967742
1609,WD ,170000,13.075917237135606
1610,WD ,208000,15.286249724406556
1611,WD ,140000,31.567080045095828
1612,New,230000,59.84907624251886
1613,WD ,188500,31.680672268907564
1614,WD ,194000,15.64516129032258
1615,WD ,133000,12.75779376498801
1616,WD ,140000,8.605323006945724
1617,WD ,207500,23.060680151144698
1618,WD ,256900,24.701923076923077
1619,WD ,109000,10.755871324254983
1621,WD ,237000,20.352082438814943
1622,WD ,142100,17.224242424242423
1623,WD ,149900,13.59390586741634
1624,WD ,404000,32.71255060728745
1625,WD ,277500,15.184678522571819
1626,WD ,178000,19.335216163371715
1627,WD ,254000,40.705128205128204
1628,WD ,12789,1.3244614747307373
1629,WD ,176000,22.349206349206348
1630,New,342643,21.07405129466757
1631,WD ,125500,20.3304714077434
1632,WD ,150000,11.636927851047323
1633,New,261329,25.031513409961686
1635,WD ,153000,16.05119597146454
1636,New,172500,43.982661907190206
1637,WD ,153575,17.59163802978236
1638,WD ,124900,20.61056105610561
1639,New,415298,28.740346020761244
1640,ConLI,119000,22.037037037037038
1641,WD ,227000,22.7
1642,WD ,145500,14.539822124512842
1643,WD ,61500,7.854406130268199
1644,WD ,192100,16.381001108552912
1645,WD ,116000,11.24031007751938
1646,WD ,145000,13.833237931692425
1647,WD ,445000,29.134476888830694
1648,WD ,150500,17.102272727272727
1649,WD ,175900,17.59
1650,WD ,167900,16.558185404339252
1651,New,219210,15.597694606517717
1652,WD ,189000,16.847922980923517
1653,WD ,136500,15.413279132791327
1654,WD ,137900,17.67948717948718
1655,WD ,85000,11.805555555555555
1656,WD ,137900,12.911985018726591
1657,WD ,195500,20.503408495018352
1658,WD ,128000,18.664333624963547
1659,WD ,135000,16.666666666666668
1660,WD ,143195,15.537651909722221
1661,WD ,79500,8.736263736263735
1662,WD ,192500,15.069672772819791
1663,WD ,129500,21.583333333333332
1664,WD ,168000,16.209957545349287
1665,WD ,105000,17.5
1666,WD ,143250,13.603988603988604
1667,WD ,144000,15.118110236220472
1668,WD ,205000,23.085585585585587
1669,WD ,143000,17.00356718192628
1670,WD ,290000,66.1345496009122
1671,New,611657,47.345537580308076
1672,WD ,152000,12.195121951219512
1673,WD ,191500,38.26173826173826
1674,WD ,317000,33.05181941403399
1675,WD ,165250,23.742816091954023
1676,COD,123000,12.51908396946565
1677,WD ,185000,13.051146384479718
1678,WD ,120000,16.216216216216218
1679,WD ,158500,14.760663065747812
1680,WD ,173000,20.6789385608415
1682,WD ,155000,21.52777777777778
1683,WD ,125000,12.218963831867057
1685,WD ,350000,39.61965134706814
1687,WD ,193000,21.026255583396885
1688,WD ,191000,16.57123026201631
1689,WD ,110000,19.35256861365236
1690,WD ,261500,22.002524190155658
1691,WD ,128900,13.427083333333334
1692,WD ,584500,33.899779607934114
1693,WD ,111000,10.866372980910425
1694,ConLw,90000,10.526315789473685
1695,WD ,129000,6.991869918699187
1696,WD ,224000,15.157666802002977
1697,WD ,165000,51.886792452830186
1698,WD ,122000,39.765319426336376
1699,New,267300,32.21258134490239
1700,New,485000,35.87808847462642
1701,WD ,220000,6.642512077294686
1702,WD ,215700,16.41302693653934
1703,WD ,280000,24.643548671008624
1704,WD ,284000,26.187183033656062
1706,WD ,192000,19.672131147540984
1707,WD ,105000,26.515151515151516
1708,WD ,216837,23.82824175824176
1709,WD ,141500,14.739583333333334
1710,WD ,130000,13.31421548545678
1713,WD ,139500,10.917201439974956
1714,COD,79275,9.700807635829662
1715,WD ,265900,29.42348124377559
1716,WD ,91000,14.462809917355372
1717,WD ,185000,15.546218487394958
1718,WD ,141000,17.74701069855255
1719,New,260116,15.614142505552554
1720,WD ,113000,12.098501070663811
1721,WD ,225000,19.64379256155055
1722,WD ,113000,13.325471698113208
1723,WD ,125200,19.85725614591594
1724,New,319500,32.90761149448965
1725,WD ,140000,12.808783165599268
1726,WD ,250764,5.005069657897888
1727,WD ,250000,28.09304416226542
1728,WD ,176000,17.192536876037902
1729,WD ,174850,17.95912078882498
1730,WD ,147000,62.18274111675127
1731,WD ,99500,12.607704004054739
1732,New,398800,32.2914979757085
1733,WD ,175000,22.104332449160037
1734,WD ,109500,15.208333333333334
1735,WD ,163500,13.451254627725216
1737,WD ,334000,30.294784580498867
1738,WD ,137250,17.524259448416753
1739,New,320000,16.513572092063164
1740,WD ,162000,16.480162767039676
1741,New,222000,50.42016806722689
1742,WD ,178000,21.77636408123318
1743,WD ,119000,16.52777777777778
1744,WD ,169500,22.33201581027668
1745,WD ,236000,26.833428084138717
1746,New,294464,76.62347124642207
1747,WD ,206900,18.681715575620768
1748,WD ,233000,22.973772431473083
1749,COD,108000,13.951685828704301
1750,WD ,165000,20.27276078142278
1751,WD ,134900,15.018926742373637
1752,WD ,113000,18.464052287581698
1753,WD ,147900,8.930620131634564
1755,WD ,143000,61.95840554592721
1756,WD ,114500,18.349358974358974
1757,WD ,129200,14.700193423597678
1758,New,392500,70.25237157687489
1759,WD ,266500,29.47356779473568
1760,WD ,177500,19.892412865628152
1761,WD ,139500,11.143952708100336
1762,WD ,170000,15.358207606829886
1763,WD ,224500,25.511363636363637
1764,WD ,290000,21.866988387875132
1765,WD ,169500,21.848414539829854
1766,WD ,240000,19.805248390823568
1767,WD ,144000,15.0
1768,WD ,165000,17.36842105263158
1769,WD ,145000,20.209059233449477
1770,COD,114000,10.178571428571429
1771,New,395000,27.76606213974413
1772,WD ,105500,38.22463768115942
1773,WD ,254900,23.06787330316742
1774,WD ,102000,14.166666666666666
1775,WD ,230000,18.51851851851852
1776,WD ,137500,22.46732026143791
1777,WD ,138000,19.406553227394177
1778,WD ,156500,8.127759023630226
1779,WD ,124500,15.332512315270936
1780,WD ,190000,15.896921017402946
1781,WD ,159895,50.24984286612194
1782,WD ,189000,19.203413940256045
1784,WD ,121500,10.713340975222643
1785,WD ,146000,11.740109359922805
1786,WD ,235000,19.2749343832021
1787,WD ,300000,78.08433107756377
1789,WD ,142600,10.884665292725746
1790,WD ,227000,23.144371941272432
1791,WD ,205000,25.16881522406384
1792,WD ,246900,14.332153015615022
1793,WD ,89000,16.856060606060606
1794,WD ,64000,5.4274084124830395
1795,WD ,170000,43.85964912280702
1796,New,582933,41.96479735080268
1797,WD ,110500,18.416666666666668
1798,WD ,110000,13.349514563106796
1800,WD ,284000,26.729411764705883
1801,WD ,171000,18.49248404888072
1802,WD ,193000,18.15957847196086
1803,WD ,135000,12.272727272727273
1804,WD ,167000,17.767847643366316
1805,COD,105000,14.583333333333334
1806,WD ,214000,20.849571317225255
1807,WD ,279000,21.112372304199774
1808,WD ,184500,17.521367521367523
1809,WD ,120000,20.0
1810,WD ,171500,22.264052966376735
1811,New,164700,38.74382498235709
1812,WD ,209000,17.232849604221634
1813,WD ,225000,73.2421875
1815,New,336820,22.133000394269942
1816,WD ,277000,19.284321915900865
1817,WD ,117600,13.548387096774194
1818,WD ,140000,14.583333333333334
1819,New,395039,33.54041433180506
1820,New,181755,11.496204933586338
1821,New,186800,16.944847605224965
1822,WD ,177500,19.788182831661093
1823,WD ,64500,5.972222222222222
1824,WD ,260000,53.77456049638056
1825,New,185485,49.995956873315365
1826,WD ,105000,17.15686274509804
1827,WD ,187000,19.479166666666668
1828,WD ,202500,14.316012725344645
1829,WD ,245700,24.75317348377997
1830,WD ,128000,15.976035946080879
1831,WD ,275500,26.904296875
1832,WD ,225000,20.90689462925107
1833,WD ,138000,17.25
1834,WD ,88000,52.38095238095238
1835,WD ,380000,27.751405827795224
1836,WD ,256000,24.094117647058823
1837,WD ,134800,18.72222222222222
1838,WD ,121000,75.06203473945409
1839,New,227875,22.32536494562555
1840,WD ,245350,23.422434367541765
1842,COD,83000,7.811764705882353
1843,WD ,240000,4.519178262752556
1844,WD ,113000,19.8943661971831
1845,WD ,155000,12.5
1846,WD ,142000,20.98108747044917
1847,WD ,119000,19.833333333333332
1848,WD ,160000,12.791813239526704
1849,WD ,193000,26.02832097100472
1850,WD ,263000,22.360142832851555
1851,New,164990,18.81943652332611
1852,WD ,119000,14.52991452991453
1853,WD ,238500,31.8
1854,WD ,280000,3.956981953335877
1855,New,193800,51.215644820295985
1856,WD ,129900,30.75284090909091
1857,WD ,145000,15.68415359653867
1858,WD ,275000,18.604965834517287
1860,WD ,125000,16.801075268817204
1861,Oth,80000,10.804970286331713
1862,WD ,104000,21.430043272202763
1863,WD ,260400,24.582271311243275
1864,WD ,176000,14.557485525227461
1865,WD ,123000,10.533527447118267
1866,WD ,291000,26.454545454545453
1867,WD ,132000,16.5
1868,WD ,176000,21.920538049570307
1869,WD ,177625,13.162282326787698
1870,WD ,104900,10.772232491271309
1871,WD ,196000,21.138912855910267
1872,WD ,280000,35.7097309016707
1873,WD ,168500,19.753810082063307
1874,WD ,170000,13.035810137259412
1876,WD ,150000,24.03846153846154
1877,WD ,145000,11.140991164041491
1878,WD ,188000,20.2215768527482
1879,WD ,169000,19.263649834720166
1880,New,155000,18.15838800374883
1881,WD ,196000,45.77300326950024
1882,WD ,219500,25.11441647597254
1883,New,170440,16.649409006544886
1884,WD ,159500,20.062893081761008
1885,New,183850,4.6793077118859765
1886,WD ,174000,16.73076923076923
1887,WD ,167000,15.71321038765525
1888,WD ,148500,65.13157894736842
1890,WD ,120000,11.150343802267237
1891,WD ,157000,22.351936218678816
1892,WD ,91500,12.063282794990112
1894,WD ,140000,15.267175572519085
1895,WD ,127000,16.404029966416946
1896,WD ,207500,23.603685587532706
1897,WD ,415000,20.95959595959596
1898,WD ,193000,14.468850738436165
1899,WD ,174000,21.415384615384614
1900,WD ,152500,13.354934757859708
1901,WD ,183000,25.325214503182952
1902,WD ,136500,12.297297297297296
1903,WD ,231500,18.616807398472055
1904,WD ,123500,19.23676012461059
1905,WD ,135500,8.229078100327948
1906,WD ,133500,21.241050119331742
1907,COD,124000,13.472403302911777
1908,WD ,280000,23.311964032969776
1909,WD ,333168,22.55096791661026
1910,WD ,270000,22.89687924016282
1911,COD,128500,15.935019841269842
1912,WD ,172000,23.972125435540068
1913,WD ,130000,12.014787430683919
1914,WD ,196000,36.42445642073964
1915,WD ,87000,17.4
1916,WD ,128250,14.785566059488126
1917,WD ,210000,15.939278937381404
1918,WD ,220000,19.51219512195122
1919,WD ,128000,13.333333333333334
1920,WD ,135000,15.0
1921,WD ,228500,22.872872872872872
1922,WD ,134000,22.333333333333332
1923,WD ,157500,14.953004841925377
1924,WD ,263550,22.54105371193979
1925,WD ,182900,14.578351665869599
1926,WD ,222000,10.232772528232312
1928,COD,153500,18.950617283950617
1929,WD ,315000,18.820577164366373
1930,WD ,315000,34.23913043478261
1931,WD ,257000,26.22181410060198
1932,ConLD,173000,12.237391242837942
1934,WD ,382500,25.062246101428386
1935,WD ,230000,23.609115171422705
1936,WD ,153000,17.932489451476794
1937,WD ,123000,11.56667293586609
1938,WD ,207000,14.031044533315258
1939,WD ,295000,16.04481670836506
1940,WD ,149000,11.967871485943775
1941,WD ,216500,27.57610495478283
1942,COD,112000,21.642512077294686
1943,WD ,134500,16.01571802810193
1944,New,187687,50.58948787061995
1945,COD,68400,9.12
1946,WD ,143500,17.915106117353307
1947,WD ,275000,21.484375
1948,WD ,171000,15.447154471544716
1949,WD ,244000,19.960732984293195
1950,ConLD,130000,18.696965338702718
1951,WD ,253000,21.397158322056832
1953,WD ,185000,47.350908625543894
1954,WD ,167800,18.815877999551468
1955,WD ,274900,28.662287561255344
1956,WD ,187500,13.28374070138151
1957,WD ,253000,26.149870801033593
1958,WD ,105000,53.191489361702125
1959,WD ,174500,15.206971677559913
1960,WD ,210900,9.794269261134072
1961,WD ,127000,13.582887700534759
1962,WD ,207000,25.250060990485483
1963,WD ,154000,11.622641509433961
1964,New,591587,11.382364259052602
1965,WD ,180000,8.131550415612576
1966,WD ,124000,13.864042933810376
1967,WD ,204000,20.733814412033745
1968,WD ,145000,23.045136681500317
1969,WD ,178900,18.481404958677686
1970,WD ,348000,36.817604739737625
1971,WD ,162500,17.77121609798775
1972,WD ,119900,14.231454005934719
1973,WD ,176500,19.429766622633203
1974,WD ,118000,15.902964959568733
1975,WD ,110000,14.32851374234727
1976,WD ,221000,13.178294573643411
1977,WD ,340000,20.550015110305228
1978,WD ,167500,14.674960574732784
1979,WD ,255000,18.887489815569218
1980,WD ,170000,18.019927920288318
1981,WD ,145000,39.45578231292517
1983,WD ,176500,16.00326412186055
1984,WD ,307000,30.444268147560493
1985,WD ,190550,19.967515456355443
1986,WD ,260000,19.992310649750095
1987,WD ,137500,60.30701754385965
1988,WD ,147000,11.56387665198238
1989,WD ,131400,13.14
1990,WD ,316000,29.88462265935313
1992,WD ,172500,17.59844929606203
1993,WD ,138887,10.576226012793176
1994,WD ,235000,17.11829836829837
1995,WD ,109500,16.59090909090909
1996,WD ,107000,10.368217054263566
1998,WD ,215000,12.924556657649534
1999,WD ,144100,17.15884734460586
2000,WD ,127500,14.010989010989011
2001,WD ,225000,15.877496295250864
2002,New,372402,26.80886905190411
2003,WD ,144000,11.104256631708822
2004,WD ,176500,77.41228070175438
2005,COD,112000,16.0
2006,WD ,100000,59.523809523809526
2007,WD ,88000,39.69327920613441
2008,WD ,136905,11.904782608695653
2009,WD ,97500,13.541666666666666
2011,WD ,142000,13.245033112582782
2012,New,250000,23.29481923220276
2013,WD ,243500,22.56510054675192
2014,WD ,184500,36.0210855134713
2015,WD ,210000,21.152296535052376
2016,WD ,129000,16.557566422795535
2017,ConLw,82000,10.056414029923964
2018,WD ,181000,16.698957468401144
2019,WD ,167000,18.463239358761747
2020,WD ,173000,15.941761887209731
2021,WD ,195800,23.30952380952381
2022,WD ,223000,13.613332519382212
2023,WD ,192000,15.604681404421326
2024,WD ,197000,17.00621546961326
2025,New,298236,27.945652173913043
2026,WD ,238000,32.91839557399723
2028,WD ,262500,12.631730908041
2029,WD ,425000,33.64204860286551
2030,WD ,102776,11.797061524334252
2031,WD ,149900,11.9566084390205
2032,WD ,190000,19.75051975051975
2033,WD ,162500,41.59201433324802
2034,WD ,217000,23.49501948895626
2035,WD ,137500,11.85344827586207
2036,WD ,270000,25.464491181741018
2037,WD ,142500,10.674157303370787
2038,WD ,161000,17.5
2040,WD ,225000,14.429551721926506
2041,WD ,412500,30.135885447106954
2043,WD ,128000,21.333333333333332
2044,WD ,182000,21.53081746125636
2045,New,394617,31.71142719382835
2046,WD ,298751,26.094069351035024
2047,WD ,82500,6.684491978609626
2048,WD ,177000,23.418893887271764
2049,WD ,144000,13.846153846153847
2050,WD ,189000,25.2
