,Mo Sold,Yr Sold,Year Built,Year Remod/Add,Garage Yr Blt
0,3,2010,1976,2005,1976.0
1,4,2009,1996,1997,1997.0
2,1,2010,1953,2007,1953.0
3,4,2010,2006,2007,2007.0
4,3,2010,1900,1993,1957.0
5,6,2010,1966,2002,1966.0
6,6,2006,2005,2006,2005.0
7,5,2010,1959,1959,1959.0
8,6,2007,1952,1952,1952.0
9,9,2007,1969,1969,1969.0
10,7,2008,1971,1971,1971.0
11,2,2006,2005,2005,2005.0
13,12,2008,1999,2000,2000.0
14,6,2008,2007,2007,2007.0
15,3,2010,2004,2005,2004.0
16,5,2008,1916,1950,1916.0
17,6,2009,1963,1963,1963.0
18,4,2007,1977,1977,1977.0
19,6,2010,2009,2009,2009.0
20,5,2007,1968,1968,1968.0
21,10,2009,2000,2000,2000.0
22,7,2006,2005,2006,2005.0
23,3,2010,1992,2007,1992.0
24,1,2006,1955,1955,1955.0
25,4,2009,1961,1961,1961.0
26,4,2010,1965,2009,1973.0
27,7,2008,1937,1995,1937.0
29,7,2007,1949,2006,2003.0
30,7,2009,1981,1981,1981.0
31,6,2006,1929,1950,1931.0
32,4,2006,1995,1996,1995.0
33,4,2007,1952,1952,1952.0
34,9,2009,2007,2008,2007.0
35,4,2009,1958,1958,1958.0
36,7,2006,1977,1977,1977.0
37,1,2010,1977,1977,1977.0
38,9,2007,1973,1973,1973.0
39,7,2007,1994,1994,1995.0
40,6,2008,1965,1965,1965.0
41,9,2006,2006,2006,2006.0
42,7,2009,1978,1978,1978.0
43,11,2008,1954,1954,1954.0
44,2,2008,1965,1965,1965.0
45,6,2008,1935,1950,1935.0
46,7,2009,1941,1960,1977.0
47,2,2008,1931,2000,1931.0
48,2,2010,1954,1954,1954.0
49,10,2008,2003,2004,2003.0
50,6,2006,2000,2000,2000.0
51,12,2009,1928,1950,1981.0
52,7,2006,1978,1978,1978.0
54,6,2006,1951,1951,1951.0
55,3,2010,1969,1969,1969.0
56,2,2010,2004,2005,2004.0
57,3,2006,1954,1975,1954.0
58,6,2007,1953,1953,1953.0
59,11,2008,1996,1996,1996.0
60,4,2010,1999,2007,1999.0
61,8,2007,2007,2007,2007.0
62,4,2010,1977,2001,1977.0
63,6,2008,1920,1950,1920.0
64,7,2009,1955,1955,1955.0
66,6,2007,1930,1995,1930.0
67,4,2006,2004,2004,2004.0
68,6,2007,2006,2006,2006.0
69,4,2006,2005,2005,2005.0
70,1,2010,2009,2010,2009.0
71,9,2008,1996,1997,1996.0
72,7,2006,1959,1959,1954.0
73,4,2006,2004,2004,2004.0
74,4,2006,2005,2005,2005.0
75,7,2008,1930,1950,1930.0
76,4,2006,1924,1950,1924.0
77,5,2008,1927,1950,1920.0
78,1,2010,1960,1960,1960.0
80,6,2007,1910,1950,1920.0
81,7,2009,2008,2009,2009.0
82,6,2008,1915,1950,1949.0
83,7,2009,1971,2006,1986.0
84,4,2008,1997,1997,1997.0
85,6,2006,2006,2006,2006.0
86,8,2009,2003,2003,2003.0
87,6,2007,1956,2000,1956.0
88,8,2009,1969,1969,1969.0
89,4,2010,2004,2004,2004.0
90,5,2008,1969,1969,1969.0
91,6,2007,1996,2002,1996.0
92,10,2009,1994,1994,1994.0
94,4,2010,1964,1964,1964.0
95,2,2007,2006,2007,2006.0
96,3,2009,1960,1960,1960.0
97,1,2007,1956,1956,1966.0
98,8,2007,2005,2005,2005.0
99,6,2006,1995,1995,1995.0
100,9,2008,2004,2004,2004.0
102,5,2008,1976,2007,1976.0
104,6,2009,2001,2002,2001.0
105,7,2006,1972,1972,1972.0
106,4,2006,2000,2000,2000.0
107,8,2007,1916,1950,1916.0
108,10,2006,1957,1957,1957.0
109,6,2010,2003,2003,2003.0
110,10,2009,1939,1950,1939.0
111,8,2007,1960,1978,1960.0
112,6,2008,1930,1992,1930.0
113,2,2010,1962,1962,1962.0
115,5,2009,1978,1998,1978.0
116,11,2006,1959,1959,1959.0
117,7,2008,2000,2000,2000.0
118,12,2008,1960,1960,1960.0
119,8,2009,1997,1997,1997.0
121,11,2009,1956,1956,1956.0
122,10,2007,1961,1961,1963.0
123,3,2010,1927,1950,1927.0
124,4,2009,1947,1950,1948.0
125,6,2008,1977,1977,1977.0
126,10,2006,2004,2004,2004.0
127,5,2006,1932,1990,1963.0
128,5,2006,1997,1998,1997.0
129,7,2008,1967,1967,1967.0
130,9,2008,1977,1977,1977.0
131,8,2009,1939,2006,1939.0
132,5,2009,1977,1977,1977.0
133,5,2008,1993,1993,1993.0
135,2,2008,1973,1973,1973.0
137,8,2007,2006,2006,2006.0
138,9,2006,2006,2006,2006.0
140,6,2010,1951,1951,1951.0
141,4,2006,2000,2000,2000.0
142,4,2010,1962,2010,1962.0
143,6,2010,1954,1998,1954.0
144,4,2010,2010,2010,2010.0
145,11,2007,1931,1950,1978.0
147,6,2008,1981,1981,1981.0
148,7,2007,2000,2000,2000.0
149,6,2010,1915,1950,1915.0
150,7,2009,1966,2004,1966.0
151,7,2006,2005,2006,2005.0
152,6,2009,1957,1957,1957.0
153,7,2006,1995,1996,1995.0
154,6,2007,1958,1985,1958.0
155,6,2007,2005,2005,2005.0
156,8,2006,1987,1987,1987.0
157,6,2008,1964,1964,1964.0
158,5,2006,1970,1970,1970.0
159,5,2006,1957,1996,1957.0
160,8,2007,1918,2007,2007.0
161,5,2007,1988,1988,1988.0
163,10,2008,2003,2004,2003.0
164,7,2006,1957,1957,1957.0
165,4,2010,1976,1976,1976.0
166,8,2008,1926,1950,1982.0
167,4,2009,1978,1978,1978.0
168,7,2010,1941,1950,1941.0
169,3,2008,1984,1984,1984.0
170,1,2010,1954,1954,1954.0
171,2,2007,1920,1950,1977.0
172,4,2010,2009,2010,2009.0
173,6,2007,1942,1995,1942.0
174,4,2009,1978,1978,1978.0
175,12,2008,1890,1999,1950.0
176,6,2006,2002,2003,2002.0
177,9,2009,1962,1962,1962.0
178,8,2008,1993,1994,1993.0
179,2,2010,1971,1971,1971.0
180,3,2010,2003,2004,2003.0
181,4,2010,1957,1996,1957.0
182,7,2006,1975,1975,1975.0
184,7,2008,2003,2003,2003.0
185,4,2006,2005,2005,2005.0
186,4,2007,1992,2000,1992.0
187,8,2007,2007,2007,2007.0
188,5,2006,1966,1966,1966.0
189,7,2006,2006,2006,2006.0
190,3,2006,2005,2006,2005.0
191,5,2007,1976,1976,1976.0
192,5,2009,1977,1977,1977.0
193,6,2009,1976,1976,1976.0
194,8,2009,1969,1969,1969.0
195,8,2006,2005,2006,2005.0
196,2,2009,2008,2009,2008.0
197,5,2006,1915,1950,1974.0
198,7,2007,2007,2007,2007.0
199,6,2009,2003,2003,2003.0
200,7,2007,1970,1970,1970.0
201,4,2009,2008,2008,2008.0
202,5,2007,1998,1998,1998.0
203,8,2007,1941,1950,1941.0
204,7,2007,2007,2007,2007.0
205,5,2010,1936,1980,1979.0
206,11,2007,1918,1950,1918.0
207,6,2010,1965,1977,1965.0
208,10,2006,2003,2004,2003.0
209,11,2009,1977,1977,1977.0
210,3,2010,1970,1970,1970.0
211,3,2008,2007,2007,2007.0
212,10,2009,2008,2009,2008.0
213,5,2008,1963,2003,1963.0
214,6,2010,1968,1968,1968.0
215,4,2010,2004,2005,2004.0
216,3,2009,1952,2005,1952.0
217,3,2006,1900,1998,1900.0
218,2,2009,1953,1953,1953.0
219,6,2007,1938,1950,1938.0
220,8,2006,2005,2006,2005.0
221,1,2006,1961,1961,1961.0
222,12,2006,1994,1994,1994.0
223,3,2008,1960,1975,1960.0
224,3,2009,1999,2000,1999.0
225,6,2009,2003,2004,2004.0
226,6,2009,1999,1999,1999.0
227,6,2008,2005,2007,2005.0
228,10,2007,1941,1950,1966.0
229,4,2007,1963,1963,1963.0
230,10,2008,2008,2008,2008.0
231,8,2008,1988,1989,1988.0
232,2,2006,1915,1970,1998.0
233,7,2007,1985,1985,1985.0
234,7,2008,2005,2005,2005.0
236,7,2007,1959,1991,1959.0
237,6,2009,1968,1968,1968.0
238,7,2008,1964,1964,1964.0
239,2,2006,1929,1950,1963.0
241,7,2006,1952,1952,1952.0
242,6,2007,2005,2006,2005.0
243,4,2008,2007,2008,2008.0
244,3,2010,1923,1950,1923.0
245,9,2006,1979,1979,1979.0
246,6,2006,1987,1987,1987.0
247,6,2006,1954,2000,1954.0
248,7,2008,1957,1957,1964.0
250,6,2008,1995,1995,1995.0
251,4,2010,1966,1966,1966.0
252,9,2008,1937,1950,1937.0
253,5,2010,2001,2002,2001.0
254,9,2006,2005,2006,2005.0
255,5,2008,1940,1985,1958.0
257,7,2008,2000,2001,2000.0
258,8,2009,1900,1970,1920.0
259,3,2010,1948,1950,1948.0
261,7,2008,1940,2005,1997.0
262,2,2008,1968,1968,1968.0
263,5,2008,1953,1953,1953.0
265,7,2007,1992,1992,1992.0
266,6,2006,1966,1966,1966.0
267,7,2007,1964,1964,1964.0
268,5,2007,2001,2001,2001.0
269,4,2006,2005,2005,2005.0
270,7,2008,2003,2003,2003.0
271,4,2010,1984,1984,1984.0
272,5,2006,2006,2006,2006.0
273,7,2007,1950,2002,1980.0
274,1,2009,1979,1998,1979.0
275,2,2006,1956,1956,1956.0
277,5,2009,2005,2006,2005.0
278,7,2008,1980,1980,1980.0
279,3,2007,1972,1972,1980.0
280,5,2007,1920,1950,1972.0
281,6,2008,2007,2008,2008.0
282,6,2010,1975,1975,1975.0
283,7,2009,2002,2002,2002.0
284,7,2007,1992,1992,1992.0
285,2,2007,1984,1984,1984.0
286,7,2009,2008,2008,2008.0
287,4,2009,1991,1991,1991.0
288,4,2006,2005,2005,2005.0
289,11,2008,1997,1998,1997.0
290,3,2006,1970,1970,1970.0
291,2,2010,1956,1956,1956.0
292,9,2006,1968,1992,1968.0
293,2,2008,2004,2004,2004.0
294,8,2009,1975,1975,1975.0
295,11,2008,1996,1997,1996.0
296,5,2010,1928,2003,2005.0
297,11,2009,1973,1973,1973.0
298,10,2009,1949,2005,1949.0
299,4,2009,2004,2004,2004.0
300,8,2008,1995,1995,1995.0
301,1,2008,1958,1958,1958.0
302,7,2009,1941,1950,1941.0
303,11,2008,1954,1954,1954.0
304,6,2010,1958,1958,1958.0
305,9,2007,1975,1975,1975.0
306,9,2009,1950,1950,1950.0
307,10,2006,1947,1950,1953.0
308,4,2008,1917,1950,1950.0
309,8,2009,1984,1984,1984.0
310,6,2008,2002,2003,2002.0
311,6,2006,1971,1971,1971.0
312,3,2007,1920,1950,1920.0
313,10,2009,2006,2007,2007.0
314,3,2007,1962,1962,1962.0
315,12,2006,1970,1970,1970.0
316,2,2010,2005,2005,2005.0
317,7,2006,2006,2006,2006.0
318,5,2009,2007,2007,2007.0
319,7,2008,1993,1994,1993.0
320,5,2007,1941,1950,1991.0
321,4,2010,2004,2004,2004.0
322,5,2009,2008,2008,2008.0
323,12,2007,1984,1984,1984.0
324,7,2006,1968,1968,1968.0
325,6,2006,1920,1950,1920.0
326,11,2008,1973,1973,1973.0
327,2,2007,1976,1976,1977.0
328,5,2007,1992,1993,1992.0
329,6,2007,1968,1968,1991.0
330,11,2007,1910,2003,1985.0
331,1,2007,1984,2003,1984.0
332,6,2008,2005,2006,2005.0
333,7,2009,1916,1994,1930.0
335,6,2009,1999,1999,1999.0
336,6,2009,1935,1998,1920.0
337,3,2007,1961,1975,1975.0
338,12,2007,2007,2007,2007.0
339,10,2007,1986,1986,1987.0
340,7,2006,1959,1959,1959.0
341,8,2007,1923,1996,1923.0
342,8,2008,1971,1971,1971.0
343,3,2006,1958,1958,1958.0
344,5,2006,2004,2004,2004.0
345,10,2006,1992,1993,1992.0
346,5,2006,1965,2001,1965.0
347,2,2006,1975,1975,1975.0
348,2,2007,2006,2007,2007.0
349,3,2010,1991,1991,1993.0
350,3,2010,1940,1950,1973.0
351,9,2009,1946,2001,1946.0
352,6,2010,1955,1955,1955.0
353,1,2010,1948,1950,1948.0
354,10,2006,1963,1963,1963.0
355,7,2007,2007,2007,2007.0
357,7,2009,1937,2000,1999.0
358,3,2006,1955,1999,1955.0
359,8,2008,1995,1995,1995.0
360,9,2006,1967,1975,1974.0
361,5,2007,2005,2006,2005.0
362,6,2006,1920,1950,1938.0
363,7,2009,1932,2000,1968.0
364,7,2007,2007,2007,2007.0
365,6,2010,1952,1952,2000.0
366,10,2007,1962,1962,1962.0
367,11,2006,1941,1950,1941.0
368,12,2008,1963,1963,1963.0
369,5,2010,2009,2010,2009.0
370,11,2006,1964,1964,1964.0
371,7,2007,1940,1984,1940.0
372,10,2006,1963,1963,1990.0
373,12,2007,2000,2000,2000.0
374,4,2010,1900,2003,1930.0
375,7,2008,1953,1953,1953.0
376,3,2006,1959,1959,1959.0
377,5,2008,1961,1961,1961.0
378,2,2007,1973,1973,1973.0
379,3,2007,1920,1996,1935.0
380,7,2006,1958,1958,2002.0
381,4,2008,1998,1998,1998.0
383,6,2008,1954,1954,1954.0
384,5,2006,1980,1980,1980.0
385,3,2006,2005,2005,2005.0
386,3,2006,1972,1972,1977.0
387,9,2006,2006,2006,2006.0
388,7,2006,1968,1993,1968.0
389,5,2010,1976,1976,1976.0
391,5,2010,1984,1985,1986.0
392,8,2006,2005,2006,2005.0
393,3,2010,1976,1976,1976.0
394,4,2010,1885,1950,1971.0
395,7,2006,1972,1972,1972.0
396,3,2010,1940,1950,1940.0
397,9,2007,1968,1968,1968.0
398,1,2010,2009,2010,2009.0
399,4,2010,1960,1960,1960.0
400,6,2009,1979,1979,1979.0
401,7,2009,1925,1950,1930.0
402,2,2010,1976,1976,1976.0
403,6,2010,2000,2000,2000.0
404,6,2010,2002,2002,2002.0
405,6,2009,2000,2000,2000.0
407,11,2009,1954,1954,1954.0
408,7,2008,1920,1950,1920.0
410,6,2010,1896,1950,1896.0
411,5,2007,1976,1976,1987.0
412,2,2008,1940,1955,1966.0
413,7,2009,1940,1950,1940.0
414,2,2009,2007,2008,2007.0
415,4,2007,1937,1980,1937.0
416,6,2006,1983,1983,1983.0
417,3,2007,2006,2006,2006.0
418,11,2008,1996,1997,1996.0
419,4,2007,1921,1950,1992.0
420,10,2009,1998,1999,1998.0
421,5,2006,2004,2004,2006.0
422,11,2007,2006,2007,2007.0
423,6,2007,1937,1950,1939.0
424,6,2006,1965,2000,1965.0
425,10,2006,1914,1970,1914.0
427,12,2008,1978,1978,1978.0
428,5,2009,1999,1999,1999.0
429,10,2008,1993,1993,1993.0
430,3,2007,2004,2004,2004.0
431,3,2008,2002,2002,2002.0
432,1,2009,1920,1950,1930.0
433,4,2008,1976,1976,1976.0
434,8,2008,2003,2003,2003.0
435,8,2007,1992,1993,1992.0
436,7,2006,1945,1950,1945.0
438,7,2009,1966,2008,1966.0
439,7,2009,1920,1988,1930.0
440,4,2007,2006,2007,2007.0
441,11,2007,1969,1990,1969.0
442,4,2008,1983,1983,1983.0
443,4,2008,1921,1950,1921.0
444,6,2007,1972,2004,1972.0
446,2,2009,1970,1970,1970.0
447,11,2006,2000,2000,2000.0
448,5,2006,1998,1998,1998.0
449,2,2009,2005,2005,2005.0
450,8,2006,1968,1968,1968.0
451,8,2008,2006,2007,2006.0
452,6,2009,1978,1978,1978.0
453,5,2008,1978,1978,1978.0
454,6,2010,2003,2003,2003.0
455,6,2006,1937,1950,1937.0
456,2,2009,1940,1950,1961.0
458,3,2010,1995,1996,1995.0
459,7,2006,1938,1950,1938.0
460,2,2009,1955,1955,1955.0
461,8,2007,2007,2007,2007.0
462,7,2006,1925,1950,1925.0
463,9,2007,1998,1998,1998.0
464,12,2008,2008,2008,2008.0
465,7,2007,1998,1998,1998.0
466,7,2007,1994,1994,1994.0
467,2,2006,1910,1950,1935.0
468,7,2007,1945,2002,1945.0
469,7,2007,2003,2004,2003.0
470,5,2010,1959,1994,1959.0
471,6,2007,1958,2006,1958.0
472,3,2006,1942,1950,1942.0
473,7,2009,2007,2007,2007.0
474,11,2007,1930,2003,1930.0
475,5,2006,2002,2002,2002.0
476,6,2010,2004,2005,2004.0
477,8,2007,1971,1971,1971.0
478,7,2008,2003,2003,2003.0
479,5,2006,2005,2006,2005.0
480,1,2007,2006,2006,2006.0
481,10,2008,1993,1994,1993.0
482,7,2007,1966,2007,1966.0
483,6,2009,1999,2000,1999.0
484,3,2007,1967,1993,1967.0
487,6,2008,1925,2004,1965.0
488,8,2006,2003,2004,2003.0
489,1,2008,2001,2002,2001.0
490,12,2009,1992,1993,1993.0
491,4,2008,1972,1972,1974.0
492,8,2008,1994,1994,1994.0
493,3,2009,1935,1950,1926.0
494,8,2006,1968,2004,1968.0
495,9,2007,1901,1950,1920.0
496,2,2006,1962,1962,1962.0
497,3,2008,1936,1950,1936.0
498,7,2009,2008,2008,2008.0
500,7,2008,1966,2000,1966.0
501,11,2009,1890,1998,1959.0
502,5,2007,2004,2004,2004.0
503,2,2009,1953,1953,1974.0
504,11,2007,2003,2003,2003.0
505,5,2009,1993,1994,1993.0
506,6,2007,2003,2003,2003.0
507,4,2009,1969,1969,1969.0
508,12,2009,1965,1965,1965.0
509,11,2008,2008,2008,2008.0
510,5,2006,1926,1997,1926.0
511,5,2008,2004,2004,2004.0
512,7,2008,1999,2000,1999.0
513,8,2007,1925,1994,1969.0
515,2,2006,1988,1988,1988.0
516,6,2010,1993,1994,1993.0
517,9,2007,2006,2007,2006.0
518,8,2009,1927,1950,1927.0
519,2,2008,1998,1999,1998.0
520,6,2006,1900,2005,1900.0
521,7,2007,1946,1950,1946.0
522,11,2006,1993,1994,1993.0
523,5,2009,1939,1950,1939.0
524,10,2009,1994,1994,1995.0
525,4,2007,1951,1951,1951.0
526,6,2006,2005,2005,2005.0
527,6,2010,1910,1950,1966.0
528,4,2009,1958,1988,1958.0
529,6,2009,2008,2008,2008.0
531,6,2009,2001,2002,2001.0
532,3,2007,1971,1971,1971.0
533,9,2009,1941,1950,1940.0
534,11,2006,1963,1963,1963.0
535,6,2008,1957,1957,1957.0
536,10,2007,2005,2006,2005.0
537,6,2008,1958,1958,1958.0
538,3,2009,1998,1998,1998.0
539,6,2006,1910,2003,1950.0
540,7,2006,2006,2006,2006.0
541,7,2008,2001,2001,2001.0
543,7,2006,1992,2000,1992.0
544,5,2007,1900,1950,1935.0
545,8,2008,1967,1967,1967.0
546,8,2007,1955,1955,1955.0
547,4,2006,1936,1950,1936.0
548,5,2008,1925,1950,1932.0
549,11,2006,1966,1966,1966.0
550,10,2008,1947,1950,1947.0
551,7,2008,1929,1950,1929.0
552,12,2007,2005,2005,2005.0
553,5,2010,1959,1959,1959.0
554,6,2007,1971,1971,1974.0
556,1,2010,2005,2005,2005.0
557,12,2008,1966,1966,1966.0
558,6,2009,1926,2004,1926.0
559,5,2006,2004,2004,2004.0
560,11,2009,1957,1989,1957.0
561,1,2009,1958,1958,1958.0
563,9,2007,1988,1989,1988.0
564,8,2008,1998,1999,1998.0
565,5,2008,1966,1966,1966.0
566,5,2006,1966,1966,1966.0
567,3,2010,2004,2004,2004.0
568,3,2008,1980,1988,1980.0
569,8,2008,1929,1950,1990.0
570,1,2007,1979,1979,1979.0
571,11,2007,1999,2000,1999.0
572,3,2007,1953,1953,1953.0
573,8,2006,1925,1990,1925.0
574,3,2010,1997,1998,1997.0
575,6,2009,2003,2004,2003.0
576,6,2008,1930,2007,2002.0
577,6,2009,1994,1995,1995.0
578,8,2007,2000,2000,2000.0
582,5,2009,2007,2008,2008.0
583,5,2006,1998,1998,1998.0
584,4,2006,1957,1957,1957.0
585,3,2008,1999,2000,1999.0
586,6,2009,1992,1993,1998.0
587,11,2009,1968,1968,1968.0
588,4,2010,1921,1950,1990.0
589,10,2009,2008,2009,2009.0
590,5,2006,1957,1957,1957.0
591,11,2007,2006,2007,2007.0
592,4,2009,1977,1977,1977.0
593,6,2007,1960,1987,1960.0
594,4,2010,2008,2008,2008.0
595,11,2009,1977,1992,1977.0
596,1,2008,1999,2000,1999.0
597,1,2007,2005,2005,2005.0
598,3,2009,2008,2008,2008.0
599,6,2008,1941,1973,1973.0
600,10,2009,2000,2001,2000.0
601,3,2006,2005,2005,2005.0
602,6,2006,1953,1953,1953.0
603,3,2006,1962,2002,1972.0
604,8,2007,1979,1999,1979.0
605,10,2007,1966,1966,1966.0
606,5,2008,1990,1990,1990.0
607,12,2008,2002,2003,2002.0
608,7,2006,1956,2004,1956.0
609,8,2007,2006,2006,2006.0
610,8,2007,1957,1980,1985.0
611,6,2010,1966,1966,1966.0
613,5,2010,1993,1993,2000.0
614,6,2007,1977,1977,1977.0
615,11,2007,2007,2007,2007.0
617,3,2008,2007,2007,2007.0
618,12,2008,1996,1996,1996.0
619,4,2008,1926,1950,1926.0
620,4,2009,2004,2005,2004.0
621,7,2007,2005,2006,2005.0
622,7,2009,2006,2007,2008.0
623,2,2009,2004,2005,2004.0
624,4,2006,1948,1950,1948.0
625,9,2009,2009,2009,2009.0
626,9,2008,1996,1997,1996.0
627,7,2008,1998,1999,1998.0
628,12,2006,1958,1958,1958.0
629,6,2007,1950,1950,1950.0
630,5,2010,2004,2005,2004.0
631,11,2008,1994,1995,1994.0
632,8,2008,1978,1978,1978.0
633,8,2008,1950,1950,1950.0
634,6,2010,1975,1975,1975.0
637,10,2009,2009,2009,2009.0
638,8,2007,1949,1950,1949.0
639,5,2008,1939,2006,1939.0
640,11,2006,2006,2006,2006.0
641,6,2006,2002,2002,2002.0
643,5,2009,1900,2003,1940.0
644,6,2009,1910,1950,1974.0
645,7,2007,2005,2005,2005.0
646,1,2009,2004,2004,2004.0
647,4,2009,2001,2001,2001.0
648,3,2009,2003,2003,2003.0
649,6,2009,1900,1950,1930.0
650,8,2007,1974,1974,1974.0
651,4,2006,1974,1975,1975.0
652,3,2007,1913,2002,1990.0
654,7,2006,1972,1972,1975.0
655,5,2008,1971,1971,1977.0
656,5,2006,1900,1950,1920.0
657,7,2008,1977,1977,1977.0
658,4,2008,1950,1950,1950.0
659,7,2009,1959,1959,1959.0
660,6,2008,1925,1996,1925.0
661,1,2008,2001,2002,2001.0
662,5,2010,1967,1967,1974.0
664,7,2006,1994,1995,1994.0
665,10,2009,1979,1979,1979.0
666,7,2007,1959,1959,1959.0
667,7,2007,1926,1991,1926.0
668,6,2008,1990,1991,1990.0
669,8,2007,2007,2007,2007.0
670,8,2006,1948,2002,1948.0
671,8,2007,1961,1961,1961.0
672,4,2007,1994,1994,1996.0
673,12,2008,1999,1999,1999.0
674,7,2006,1995,1995,1996.0
675,12,2006,1957,1997,1957.0
676,11,2007,2007,2007,2007.0
677,7,2008,1973,1973,1973.0
678,3,2007,1958,1958,1958.0
679,3,2006,1905,1950,1930.0
680,11,2009,1966,1966,1966.0
681,5,2007,1910,1999,1992.0
682,6,2008,2007,2008,2007.0
683,4,2006,1936,1950,1936.0
684,9,2009,2000,2000,2000.0
685,10,2009,2005,2006,2005.0
686,8,2009,1927,1950,1927.0
687,3,2006,2005,2005,2005.0
688,6,2008,1968,1968,1968.0
690,7,2007,1942,1979,1942.0
691,7,2006,1994,1994,1994.0
693,6,2008,2007,2008,2008.0
694,6,2007,1971,2002,1971.0
695,8,2008,1975,2001,1975.0
697,6,2009,1974,1974,1974.0
698,6,2009,1915,2005,1915.0
699,7,2006,1990,1990,1990.0
701,5,2007,2003,2003,2003.0
702,10,2009,1976,1976,1977.0
703,6,2006,1936,1987,1936.0
704,9,2008,1910,1950,1930.0
706,12,2007,2007,2007,2007.0
707,9,2006,1993,1994,1993.0
709,5,2008,1976,1976,1976.0
710,11,2008,1986,1986,1986.0
711,7,2009,1959,1959,1959.0
712,3,2010,1958,1958,1958.0
713,7,2008,1940,1989,1940.0
714,7,2006,1969,1969,1969.0
715,3,2009,1958,1958,1958.0
716,5,2008,1978,1978,1978.0
717,6,2008,1910,1950,1910.0
718,9,2008,1950,2006,1950.0
719,4,2010,1994,1995,1994.0
720,7,2007,1993,1993,1993.0
721,5,2006,2006,2006,2006.0
723,5,2009,1917,2007,1917.0
724,5,2009,1971,1971,1991.0
725,4,2006,2005,2005,2005.0
726,8,2006,2006,2006,2006.0
727,7,2008,2002,2002,2002.0
728,3,2007,2003,2003,2003.0
729,2,2007,1976,1976,1976.0
730,11,2007,1960,1960,1965.0
731,7,2007,1996,1997,1996.0
732,6,2008,1966,2006,1966.0
733,7,2006,1954,1954,1954.0
734,7,2008,1998,1999,1998.0
735,12,2007,2007,2007,2007.0
738,7,2007,1920,1990,1920.0
739,7,2007,2006,2006,2006.0
740,8,2009,1950,2004,1950.0
742,10,2006,2000,2000,2000.0
743,6,2006,1959,2005,2005.0
744,1,2008,1969,1969,1969.0
745,6,2010,1948,1950,1966.0
746,12,2007,1958,1958,1958.0
747,11,2007,1976,1976,1976.0
748,7,2006,1976,1976,1976.0
749,1,2007,1977,1977,1977.0
750,12,2008,1999,2000,1999.0
751,2,2008,1954,1954,1954.0
752,5,2006,2001,2001,2001.0
753,7,2009,1987,1989,1987.0
754,10,2009,1951,1951,1951.0
755,11,2009,1956,1956,1956.0
756,7,2008,2007,2007,2007.0
757,5,2008,1960,1960,1960.0
758,12,2007,1962,1962,1962.0
759,10,2008,2005,2005,2005.0
760,6,2009,1990,1991,1990.0
761,1,2006,1974,1974,1974.0
762,4,2009,2007,2007,2007.0
763,7,2006,1996,1996,1998.0
764,5,2010,1964,1964,1964.0
765,8,2007,1977,1977,1977.0
766,2,2008,1900,2006,1950.0
767,8,2007,2003,2003,2003.0
768,6,2007,1939,1950,1979.0
769,10,2006,1968,2003,1968.0
770,8,2007,1986,1987,1987.0
771,5,2007,1997,1997,1997.0
773,4,2008,1920,1960,1930.0
774,6,2006,1968,1968,1968.0
775,6,2008,1960,1960,1964.0
776,4,2010,1965,1965,1965.0
777,3,2010,1955,1972,1955.0
778,5,2010,2007,2008,2008.0
779,6,2006,2006,2006,2006.0
780,4,2008,2007,2008,2008.0
781,7,2007,1961,1961,1961.0
782,10,2007,1926,2004,1926.0
784,5,2007,1880,1950,1930.0
785,7,2007,1927,1950,1980.0
786,3,2007,1981,1981,1981.0
788,6,2010,1994,2007,1994.0
789,7,2009,1996,1996,1996.0
792,9,2009,2006,2006,2006.0
793,6,2009,1998,1999,1998.0
795,12,2009,1998,1998,1998.0
796,2,2007,1973,1973,1973.0
797,8,2006,1929,1950,1967.0
798,4,2010,2003,2003,2003.0
799,2,2008,2005,2005,2005.0
800,8,2007,2007,2007,2007.0
801,7,2006,2004,2005,2004.0
802,8,2008,1994,1994,1997.0
803,11,2009,1978,1978,1978.0
804,6,2008,1920,1999,1920.0
805,6,2007,2000,2000,2000.0
806,4,2009,2005,2006,2005.0
807,5,2009,1925,1950,1940.0
808,6,2007,2005,2006,2005.0
809,5,2010,2008,2008,2008.0
810,11,2006,1972,1972,1972.0
811,10,2008,1978,1978,1981.0
812,6,2009,1996,1996,1996.0
813,4,2010,1959,1959,1959.0
815,7,2007,1964,1993,1964.0
816,8,2009,2000,2000,2000.0
817,8,2007,1921,2005,1994.0
818,1,2007,2000,2000,2000.0
819,4,2010,1992,1992,1992.0
820,5,2010,1948,2004,1950.0
821,10,2009,1920,1950,1967.0
823,6,2010,2003,2003,2003.0
825,11,2009,2006,2007,2006.0
826,9,2008,1947,1993,1947.0
827,11,2006,1965,1965,1965.0
828,6,2009,1915,1950,1954.0
829,5,2008,1948,2005,1948.0
830,3,2009,1970,1970,1970.0
831,7,2006,1916,1950,1916.0
832,4,2010,2006,2006,2006.0
833,3,2009,1964,1999,1968.0
834,8,2009,1941,1950,1941.0
835,10,2006,1993,1993,1993.0
836,7,2007,2006,2006,2006.0
837,9,2009,1995,1996,1995.0
838,2,2009,2006,2006,2006.0
839,4,2007,2002,2002,2002.0
840,6,2007,1960,1960,1960.0
841,4,2008,1954,2005,1954.0
842,11,2008,2008,2008,2008.0
843,5,2006,1922,1950,1922.0
844,7,2007,2006,2007,2007.0
845,7,2008,2004,2005,2004.0
846,3,2006,2005,2006,2005.0
847,6,2008,2004,2005,2004.0
848,2,2007,1963,1963,1963.0
849,5,2010,1967,1967,1967.0
850,4,2008,1956,1956,1956.0
851,2,2010,2003,2009,2003.0
852,9,2009,2005,2006,2005.0
853,5,2008,1937,2000,2004.0
854,8,2006,1942,1950,1942.0
855,8,2009,1921,2006,1921.0
856,6,2009,1999,1999,1999.0
857,5,2009,1956,1956,1956.0
859,5,2007,1958,1958,1958.0
860,9,2006,2000,2000,2000.0
861,5,2006,1962,1962,1962.0
862,3,2007,2006,2006,2006.0
863,8,2009,2004,2004,2004.0
864,7,2006,2002,2002,2002.0
865,5,2010,1959,2002,1959.0
866,9,2009,2008,2008,2008.0
867,8,2008,2008,2008,2008.0
868,6,2009,1967,2004,1967.0
869,5,2009,1930,1982,1955.0
870,5,2008,1930,1995,1934.0
871,5,2010,1978,1978,1978.0
872,5,2006,2004,2004,2004.0
873,9,2007,1922,1950,1922.0
874,8,2009,1993,1996,1993.0
875,6,2008,1960,1993,1960.0
876,5,2009,1965,1965,1965.0
877,7,2008,1961,2007,1961.0
879,3,2007,1998,1999,1998.0
880,1,2006,2005,2006,2005.0
881,6,2009,2006,2006,2006.0
882,7,2007,1929,2001,1991.0
883,5,2006,1945,1950,1945.0
884,5,2006,2005,2006,2005.0
885,4,2010,1920,1994,1989.0
886,8,2008,1996,1997,1996.0
887,3,2008,1977,1977,1977.0
888,9,2006,2004,2005,2004.0
889,6,2009,2008,2008,2008.0
890,7,2007,2003,2003,2003.0
891,7,2009,1936,1950,1936.0
892,7,2008,1964,1964,1964.0
893,9,2007,1900,1950,1945.0
894,10,2007,1940,1996,1975.0
895,9,2006,2006,2006,2006.0
896,7,2006,1961,1961,1961.0
897,12,2008,1993,1993,1993.0
898,5,2008,1959,1959,1959.0
899,8,2006,2006,2006,2006.0
900,8,2006,1924,1950,1976.0
902,6,2007,2006,2006,2005.0
903,3,2006,2004,2005,2004.0
904,7,2008,2004,2004,2004.0
905,4,2008,2006,2007,2007.0
906,7,2009,1972,1972,1972.0
907,8,2006,2006,2006,2006.0
908,6,2006,1961,1990,1961.0
909,3,2008,2003,2003,2003.0
910,5,2009,1972,2007,1972.0
911,6,2007,1982,2006,1987.0
912,10,2009,1925,2007,1978.0
913,3,2007,1957,1975,1975.0
914,6,2007,2006,2007,2006.0
915,1,2009,2007,2007,2007.0
916,7,2008,2005,2005,2005.0
917,7,2009,1978,1978,1978.0
918,9,2009,1890,1996,1963.0
919,9,2009,1923,1950,1923.0
920,5,2010,2004,2004,2004.0
921,6,2006,2002,2002,2002.0
922,6,2007,2007,2007,2007.0
923,11,2007,1950,1950,1950.0
925,8,2009,1925,1950,1982.0
926,4,2008,1972,1972,1980.0
927,6,2007,2000,2000,2000.0
928,5,2008,1963,1963,1963.0
929,4,2006,2003,2003,2003.0
930,6,2007,1956,1956,1956.0
931,9,2008,1969,1969,1969.0
932,10,2008,1962,1980,1980.0
934,10,2007,2006,2007,2007.0
935,12,2006,1994,1994,1994.0
936,3,2007,1999,1999,1999.0
937,6,2006,1900,2004,1956.0
938,1,2006,2000,2000,2000.0
939,12,2008,2007,2008,2007.0
940,3,2006,2005,2006,2005.0
941,6,2008,1995,2002,1995.0
944,8,2009,1972,1972,1972.0
945,1,2008,1948,2001,1948.0
946,6,2010,1987,1987,1987.0
947,9,2009,1983,2009,1983.0
948,5,2008,1959,2006,1959.0
949,6,2009,1990,1991,1990.0
950,6,2008,1976,1976,1976.0
952,8,2007,1986,1986,1986.0
953,4,2007,2006,2006,2006.0
955,4,2008,1948,1950,1948.0
956,5,2006,2004,2004,2004.0
957,8,2009,1968,1968,1968.0
958,12,2008,1999,2000,1999.0
960,1,2008,2008,2008,2008.0
961,4,2007,1970,1970,1987.0
962,5,2006,1956,1994,1956.0
963,6,2009,2009,2009,2009.0
965,1,2010,1949,1950,1949.0
966,9,2007,1977,1977,1977.0
967,5,2007,1976,1976,1976.0
968,4,2009,1996,1996,1996.0
969,7,2006,1978,1978,1978.0
971,5,2010,1978,1992,1978.0
972,7,2007,1925,1950,1975.0
973,7,2006,1956,1956,1956.0
974,6,2008,1920,1950,1920.0
975,5,2008,1976,1976,1976.0
976,5,2010,2003,2003,2003.0
977,7,2009,2006,2006,2006.0
979,2,2010,2005,2006,2005.0
980,10,2007,1953,1953,1953.0
981,5,2007,1923,1950,1950.0
982,8,2009,1970,1970,1973.0
983,3,2007,2006,2007,2007.0
984,11,2008,1965,1965,1987.0
985,5,2009,2007,2007,2007.0
986,8,2007,2005,2006,2005.0
987,3,2009,1999,1999,1999.0
988,6,2008,1974,1997,1974.0
989,12,2007,2004,2005,2004.0
990,7,2009,2007,2007,2007.0
991,1,2007,1975,1975,1975.0
992,9,2007,1978,1985,1978.0
993,4,2009,1967,1967,1967.0
994,9,2007,2007,2007,2007.0
995,4,2009,1967,1967,1984.0
996,10,2006,1939,1950,1939.0
997,11,2006,1968,1968,1968.0
998,9,2006,2005,2006,2005.0
999,12,2006,1977,1977,1977.0
1000,11,2009,1955,1993,1955.0
1001,10,2009,1924,1950,1965.0
1002,3,2006,1964,1964,1964.0
1003,4,2009,2002,2001,2002.0
1004,6,2007,1990,1990,1990.0
1005,5,2010,1980,1980,1980.0
1006,5,2007,1998,1999,1998.0
1008,3,2006,1998,1998,1998.0
1009,1,2007,1975,1981,1975.0
1010,5,2006,1924,1950,1924.0
1011,8,2007,1968,1968,1968.0
1012,4,2007,1957,1957,1957.0
1013,5,2006,1977,1977,1977.0
1014,8,2008,1992,1992,1992.0
1015,10,2007,1970,2002,1970.0
1016,11,2006,1997,1997,1997.0
1017,11,2009,1942,1950,1942.0
1018,1,2007,2006,2006,2006.0
1019,2,2009,1938,1950,1938.0
1020,5,2010,1990,1990,1990.0
1021,2,2009,1964,1964,1964.0
1024,10,2007,2007,2007,2007.0
1025,9,2007,2007,2007,2007.0
1026,12,2009,1900,1993,1998.0
1027,6,2006,1951,1951,1951.0
1029,12,2006,1965,1965,1965.0
1030,11,2007,2000,2000,2000.0
1031,6,2008,1955,1995,1963.0
1032,5,2009,1968,1968,1968.0
1033,3,2010,1993,1994,1993.0
1034,7,2010,1968,1968,1968.0
1035,6,2006,1892,1993,1993.0
1036,2,2006,2005,2006,2005.0
1038,10,2009,2004,2005,2004.0
1039,8,2007,1920,1995,1920.0
1040,7,2006,2005,2005,2005.0
1041,9,2009,1999,1999,1999.0
1042,4,2008,1915,1978,1950.0
1043,5,2009,2004,2004,2004.0
1044,5,2008,2005,2006,2005.0
1045,3,2007,1997,1997,1997.0
1046,6,2007,1955,1975,1955.0
1047,7,2007,1963,1963,1996.0
1048,6,2008,1970,1970,1979.0
1050,10,2007,1972,2006,1975.0
1052,3,2008,1954,1994,1954.0
1053,7,2009,1965,1965,1965.0
1054,6,2009,1940,1950,1940.0
1055,12,2007,1956,1998,1956.0
1056,1,2007,2003,2003,2003.0
1057,6,2008,1974,1974,1982.0
1058,8,2008,2007,2007,2007.0
1059,5,2009,2007,2007,2007.0
1060,7,2009,2009,2009,2009.0
1061,10,2007,2003,2003,2003.0
1062,7,2006,1934,1950,1949.0
1063,5,2010,2005,2005,2005.0
1064,7,2009,1935,1995,1935.0
1065,8,2009,1949,1996,1949.0
1066,3,2010,1976,1976,1976.0
1067,7,2007,1993,1994,1993.0
1068,6,2010,1922,1994,1970.0
1069,8,2007,1999,2003,1999.0
1070,5,2010,2001,2001,2001.0
1071,5,2006,1962,1962,1962.0
1072,7,2007,2004,2004,2004.0
1073,5,2006,1939,1950,1939.0
1075,4,2007,1960,2002,1960.0
1076,6,2008,1923,2000,1922.0
1077,6,2008,1925,1950,1925.0
1078,8,2008,1954,2000,1954.0
1079,3,2007,1938,1950,1968.0
1080,5,2010,1960,1960,1960.0
1081,8,2008,2007,2008,2008.0
1082,7,2009,1950,2007,1950.0
1083,10,2009,1916,2000,1916.0
1084,5,2008,2007,2007,2007.0
1085,6,2006,1988,1988,1988.0
1086,1,2008,1914,1995,1994.0
1087,7,2008,2005,2005,2005.0
1090,6,2010,1940,1950,1940.0
1091,10,2009,1953,1953,1953.0
1092,8,2007,2002,2002,2002.0
1093,1,2006,1936,1950,1936.0
1094,4,2006,1955,1990,1957.0
1095,5,2008,1956,1956,1956.0
1096,3,2006,1978,1978,1978.0
1097,10,2009,1940,1950,1940.0
1099,5,2007,2006,2006,2006.0
1100,7,2006,1962,1962,1977.0
1101,5,2007,1968,1968,1968.0
1102,6,2009,1950,1950,1950.0
1103,5,2010,2004,2005,2004.0
1104,7,2006,1980,1980,1980.0
1105,7,2006,1993,1994,1993.0
1106,10,2007,1963,1999,1963.0
1107,5,2009,1938,1958,1958.0
1108,2,2008,2007,2007,2007.0
1109,4,2008,1905,2000,2003.0
1110,4,2007,2006,2006,2006.0
1111,7,2006,2005,2006,2005.0
1112,7,2006,1910,2004,2001.0
1113,7,2008,2002,2003,2002.0
1114,6,2007,1966,1966,1966.0
1115,10,2007,1988,1988,1988.0
1116,4,2007,1926,1980,1981.0
1117,3,2007,2001,2002,2001.0
1118,6,2009,1959,1998,1959.0
1119,4,2007,1978,1978,1978.0
1120,4,2007,1926,1950,1973.0
1121,6,2006,1993,1994,1993.0
1122,6,2008,1988,1988,1988.0
1123,2,2010,1990,1990,1990.0
1124,7,2006,1976,1976,1976.0
1126,6,2008,2001,2001,2001.0
1127,7,2008,1962,2005,1962.0
1128,6,2006,1951,1991,1951.0
1129,6,2006,2006,2006,2006.0
1130,1,2006,1974,1999,1974.0
1131,6,2006,1973,1973,1973.0
1132,5,2007,2006,2006,2006.0
1133,3,2010,1988,1988,1988.0
1134,2,2007,1879,1987,1950.0
1135,8,2009,1969,1969,1969.0
1136,10,2007,2007,2007,2007.0
1138,9,2007,2000,2000,2000.0
1139,6,2007,2004,2004,2004.0
1140,6,2007,1998,1998,1998.0
1141,7,2008,1893,2000,1988.0
1142,4,2009,1980,1980,1980.0
1143,6,2007,1995,1995,1995.0
1144,4,2010,1974,2002,1974.0
1145,6,2006,1921,1950,1921.0
1146,5,2010,1998,1998,1998.0
1148,7,2007,1958,1958,1958.0
1149,7,2006,2005,2006,2005.0
1150,6,2009,2001,2002,2001.0
1151,6,2007,1999,1999,1999.0
1152,9,2007,1968,1968,1968.0
1153,9,2008,2004,2004,2004.0
1154,11,2009,1970,1970,1989.0
1155,7,2006,2005,2005,2005.0
1156,10,2008,1982,2008,1982.0
1158,6,2008,2008,2008,2008.0
1159,11,2007,1920,1950,1920.0
1160,11,2007,2007,2007,2007.0
1161,7,2007,2002,2002,2002.0
1162,6,2008,2004,2004,2004.0
1163,6,2007,1965,1965,1965.0
1164,4,2009,2008,2008,2008.0
1165,6,2008,1984,1984,1984.0
1166,4,2006,1993,1993,1993.0
1167,7,2008,1950,1950,1950.0
1168,7,2006,2003,2003,2003.0
1169,7,2008,1982,2005,1982.0
1170,10,2006,2006,2006,2006.0
1171,12,2008,1962,1962,1962.0
1172,7,2009,1967,1967,1967.0
1173,8,2009,1960,1960,1960.0
1174,7,2006,1955,1974,1955.0
1175,6,2009,2007,2007,2007.0
1176,8,2008,1925,1950,1985.0
1177,5,2008,1999,1999,1999.0
1178,12,2009,1938,1996,1938.0
1179,5,2006,2003,2003,2003.0
1180,1,2007,1949,1950,1949.0
1181,7,2006,1958,1958,1958.0
1182,6,2007,1963,1963,2002.0
1183,5,2009,1957,1957,1982.0
1184,3,2007,2006,2006,2006.0
1185,6,2008,1991,1991,1991.0
1186,1,2007,2005,2007,2005.0
1187,6,2007,2007,2007,2007.0
1188,1,2009,2008,2008,2008.0
1189,1,2008,1948,1950,1948.0
1190,6,2008,1959,1959,1959.0
1191,7,2007,1920,1950,1997.0
1192,6,2010,1952,1952,1952.0
1193,6,2010,1948,2009,1948.0
1194,7,2006,1987,1987,1987.0
1195,6,2009,1963,1963,1963.0
1196,3,2008,1986,1986,1986.0
1197,8,2007,1976,1976,1976.0
1198,6,2007,1950,2001,1950.0
1199,11,2007,2002,2003,2002.0
1200,6,2007,1983,1983,1983.0
1201,4,2009,1993,1993,1993.0
1202,5,2007,2006,2006,2006.0
1203,3,2007,1994,1994,1994.0
1205,7,2009,2005,2006,2005.0
1206,8,2006,2006,2006,2006.0
1207,11,2008,1986,1991,1986.0
1208,3,2008,1967,1967,1967.0
1209,4,2007,2005,2006,2005.0
1210,4,2006,1967,1967,1967.0
1212,9,2007,1929,1990,1979.0
1213,9,2009,1952,1952,1952.0
1214,6,2009,2008,2008,2008.0
1215,7,2006,1975,1975,1975.0
1216,6,2008,1975,1975,1975.0
1217,3,2007,1963,1963,1963.0
1218,12,2007,2000,2001,2000.0
1219,5,2009,1990,1990,1990.0
1220,6,2010,1945,1950,1945.0
1221,5,2009,2008,2009,2008.0
1223,5,2006,2002,2002,2002.0
1224,3,2007,1964,1964,1964.0
1225,4,2008,1958,2001,1958.0
1226,12,2008,1972,1972,1972.0
1227,6,2010,2003,2004,2003.0
1228,3,2008,2007,2007,2007.0
1229,7,2009,2008,2008,2008.0
1230,9,2008,1976,1976,1976.0
1231,8,2007,1990,1990,1990.0
1232,5,2010,2004,2005,2004.0
1233,7,2008,1983,1983,1983.0
1234,4,2010,1929,2001,1974.0
1235,5,2007,1910,2002,1910.0
1236,7,2007,1994,2001,1994.0
1237,6,2009,2001,2001,2001.0
1238,12,2009,2009,2009,2009.0
1239,11,2008,1938,1958,1938.0
1240,5,2008,2003,2003,2003.0
1241,1,2010,2009,2010,2010.0
1242,6,2008,2006,2007,2007.0
1243,5,2008,1976,1976,1976.0
1244,7,2009,2002,2002,2002.0
1245,5,2007,1926,1950,1926.0
1246,6,2007,1930,1950,1930.0
1247,1,2006,1915,1950,1998.0
1248,10,2007,1970,1970,1970.0
1249,8,2006,1966,1966,1966.0
1250,8,2009,2005,2006,2005.0
1251,10,2008,1928,2005,1928.0
1253,4,2010,1958,1958,1958.0
1254,6,2008,2005,2006,2005.0
1255,7,2007,2005,2006,2005.0
1257,5,2007,1994,1995,1994.0
1258,3,2006,1957,1957,1957.0
1259,5,2009,2000,2000,2000.0
1260,9,2006,1920,1950,1994.0
1261,7,2008,2003,2004,2003.0
1262,8,2006,1995,1995,1995.0
1263,7,2009,1995,1996,1995.0
1264,6,2007,1976,1976,1976.0
1265,5,2007,1961,1961,1961.0
1266,11,2006,2002,2002,2002.0
1267,4,2008,1956,1956,1956.0
1268,11,2007,1966,1966,1974.0
1269,3,2010,1959,1997,1959.0
1271,1,2007,2001,2001,2001.0
1272,6,2008,1999,2000,1999.0
1273,10,2006,1965,1998,1977.0
1274,7,2006,1972,1972,1973.0
1275,2,2009,1997,1998,1998.0
1276,11,2009,2003,2003,2003.0
1277,4,2009,1956,1956,1956.0
1278,6,2007,2003,2003,2003.0
1279,10,2007,1954,1995,1954.0
1280,2,2007,2006,2007,2006.0
1281,5,2009,2005,2006,2005.0
1282,4,2007,1958,1958,1958.0
1283,9,2006,1999,2000,1999.0
1284,5,2009,2005,2006,2005.0
1285,9,2006,2002,2002,2002.0
1286,9,2009,2004,2005,2004.0
1287,7,2006,1918,1950,1955.0
1288,6,2010,1963,1963,1963.0
1289,5,2007,1950,1950,1950.0
1290,4,2008,1954,1954,1954.0
1291,2,2006,2005,2005,2005.0
1292,2,2006,1922,1955,1922.0
1293,12,2008,1978,1978,1978.0
1294,9,2008,1970,1970,1987.0
1295,6,2010,1927,1950,1945.0
1296,9,2009,2002,2003,2002.0
1297,7,2010,1977,1977,1977.0
1298,6,2007,2006,2007,2007.0
1299,4,2008,2003,2004,2003.0
1300,1,2008,2007,2007,2007.0
1301,9,2007,1910,1950,1910.0
1302,6,2010,1915,1950,1961.0
1303,2,2007,1990,1990,1990.0
1304,7,2009,1972,1995,1972.0
1305,6,2007,1994,1995,1994.0
1306,10,2007,2003,2003,2003.0
1307,9,2006,1925,1950,1940.0
1308,8,2008,2001,2002,2001.0
1310,11,2006,1964,1964,1964.0
1311,5,2006,2003,2003,2003.0
1312,6,2009,1915,1994,1915.0
1313,6,2010,1985,1985,1985.0
1314,1,2006,2005,2005,2005.0
1315,8,2006,1928,1950,1928.0
1316,6,2008,1995,1996,1995.0
1317,10,2006,1930,2001,1936.0
1318,7,2007,1890,1998,1996.0
1319,6,2010,2004,2004,2004.0
1320,11,2007,2007,2007,2007.0
1321,7,2007,1976,1976,1976.0
1322,3,2009,1969,2000,1969.0
1323,7,2006,1964,1964,1964.0
1324,2,2010,1994,1995,1994.0
1326,2,2008,1996,1996,1996.0
1328,8,2007,1925,1993,1978.0
1329,2,2006,1998,1998,1998.0
1330,7,2009,1997,1997,1997.0
1332,3,2010,1950,1997,1950.0
1333,6,2007,1953,2004,1953.0
1334,2,2007,2005,2006,2005.0
1335,11,2008,1960,2007,1960.0
1336,12,2009,1960,1960,1960.0
1337,5,2006,2003,2004,2003.0
1338,5,2006,1998,1998,1998.0
1339,7,2007,1939,1952,1939.0
1340,5,2006,1900,1970,1985.0
1341,4,2010,1959,1959,1959.0
1342,8,2007,2007,2007,2007.0
1343,8,2007,2004,2004,2004.0
1344,5,2006,1975,1975,1975.0
1345,7,2008,1972,1972,1972.0
1346,7,2006,1958,1991,1998.0
1347,6,2008,1996,1997,1996.0
1348,5,2007,2005,2005,2005.0
1349,10,2006,1978,1978,1978.0
1350,6,2010,1999,1999,1999.0
1351,1,2010,1978,1978,1978.0
1352,5,2007,1972,1972,1972.0
1353,8,2008,1934,1995,1939.0
1354,8,2009,1978,1986,1978.0
1355,7,2009,1990,1991,1990.0
1356,8,2008,1940,1997,1940.0
1357,6,2009,1975,1975,1975.0
1358,11,2007,2007,2007,2007.0
1359,11,2009,1898,1965,1910.0
1360,12,2006,1928,1950,1928.0
1362,6,2008,1961,1961,1961.0
1363,4,2007,1940,1950,1940.0
1364,6,2008,2003,2003,2003.0
1365,7,2007,1958,1958,1958.0
1367,1,2007,1998,1999,1998.0
1368,5,2010,1998,1998,1998.0
1369,5,2009,1923,2004,1923.0
1370,10,2009,1956,1956,1956.0
1371,4,2008,1997,1998,1997.0
1373,8,2009,1920,2000,2005.0
1375,6,2007,2005,2006,2005.0
1378,7,2009,1992,1992,2001.0
1379,6,2006,1908,1991,1986.0
1380,3,2007,2006,2006,2006.0
1381,6,2006,1920,1950,1970.0
1382,4,2010,2004,2004,2004.0
1383,5,2007,1954,1954,1999.0
1386,7,2007,1977,1977,1977.0
1388,3,2009,1967,1967,1967.0
1389,3,2010,1995,1996,1996.0
1390,4,2009,1998,1998,1998.0
1391,6,2009,1967,1967,1967.0
1392,7,2009,1946,1950,1946.0
1393,7,2008,1976,1996,1994.0
1394,3,2009,1934,1950,1934.0
1395,6,2010,1957,1957,1957.0
1396,2,2007,1961,1961,1985.0
1397,7,2008,1977,1995,1977.0
1398,7,2009,1992,1992,1992.0
1399,4,2008,1979,1979,1979.0
1400,8,2007,1980,1980,1980.0
1401,10,2007,2007,2007,2007.0
1402,10,2006,1954,1968,1956.0
1403,3,2009,1972,2007,1988.0
1404,12,2009,2008,2009,2008.0
1405,6,2008,1968,1968,1990.0
1406,6,2008,1953,1953,1953.0
1407,1,2008,1910,2003,1910.0
1408,6,2008,1957,1957,1957.0
1409,6,2007,1997,1998,1997.0
1410,11,2008,1997,1998,1997.0
1411,2,2007,1971,1971,1971.0
1412,6,2009,2003,2004,2003.0
1413,5,2008,1999,2000,1999.0
1414,12,2006,1985,1985,1985.0
1415,4,2007,1941,1950,1941.0
1416,6,2006,1966,1966,1966.0
1417,8,2009,1916,1987,1916.0
1418,11,2007,2007,2007,2007.0
1420,2,2007,1971,1971,1971.0
1421,4,2008,2007,2008,2008.0
1422,4,2006,1936,1989,1950.0
1423,2,2008,1951,1951,1972.0
1424,8,2006,2006,2006,2006.0
1425,3,2009,2006,2007,2006.0
1426,12,2009,2002,2002,2002.0
1427,10,2006,1967,1967,1967.0
1430,4,2008,2002,2002,2002.0
1431,10,2006,1972,1972,1972.0
1432,6,2007,1967,1967,1967.0
1433,8,2009,1920,1970,1970.0
1434,5,2008,2007,2007,2007.0
1435,6,2007,1968,1968,1968.0
1436,8,2007,2003,2004,2003.0
1437,7,2009,2007,2008,2008.0
1438,3,2006,2003,2003,2003.0
1440,2,2006,1930,1984,1930.0
1441,6,2010,1950,1987,1987.0
1442,9,2007,1970,1990,1988.0
1443,3,2006,1923,1950,1923.0
1444,8,2009,1910,2008,2008.0
1445,7,2006,1977,1995,1978.0
1446,4,2009,1957,1957,1957.0
1447,5,2006,1972,1972,1972.0
1448,8,2009,2005,2005,2005.0
1449,4,2010,2002,2002,2002.0
1450,5,2007,1998,1998,1998.0
1452,10,2009,1925,1990,1925.0
1453,6,2009,1976,1993,1993.0
1454,3,2008,1941,1950,1941.0
1455,8,2008,1999,1999,1999.0
1457,12,2006,1961,1961,1961.0
1458,7,2007,1948,2005,1996.0
1459,6,2006,2000,2000,2000.0
1460,4,2010,1996,1997,1996.0
1461,12,2007,1971,2005,1971.0
1462,4,2006,1963,1963,1993.0
1463,12,2007,1980,1980,1980.0
1465,10,2007,1997,1998,1997.0
1466,2,2007,1958,1958,1958.0
1467,7,2006,2006,2006,2006.0
1468,6,2006,2005,2005,2005.0
1469,4,2010,2003,2003,2003.0
1470,7,2009,1972,1972,1998.0
1471,6,2007,1977,1977,1977.0
1472,7,2009,1920,1997,1964.0
1473,7,2009,2004,2005,2004.0
1474,6,2006,2005,2005,2005.0
1475,7,2006,1965,1965,1965.0
1476,9,2009,1959,1959,1960.0
1477,3,2007,2006,2006,2006.0
1478,3,2006,1984,1984,1984.0
1479,8,2009,1950,1950,1950.0
1480,9,2006,2005,2006,2005.0
1482,7,2008,1997,1998,1998.0
1483,4,2009,1978,1978,1978.0
1484,10,2006,1910,1993,1930.0
1485,4,2010,1945,1950,1949.0
1486,5,2010,1922,2007,1922.0
1487,5,2007,1964,2001,1970.0
1488,4,2006,1900,1950,1940.0
1489,5,2010,2005,2005,2005.0
1490,10,2006,1947,1950,1950.0
1491,4,2008,1960,1960,1960.0
1492,4,2006,1964,1964,1964.0
1493,3,2010,1942,1950,1942.0
1494,5,2007,1990,1991,1990.0
1495,2,2010,1967,1967,1970.0
1496,4,2009,1963,1963,1963.0
1497,9,2006,2002,2002,2002.0
1498,11,2007,1964,1980,1964.0
1499,10,2009,1963,1999,1997.0
1500,10,2009,2006,2007,2006.0
1501,3,2010,1930,1950,1930.0
1502,1,2006,2005,2005,2005.0
1503,7,2007,2006,2007,2006.0
1504,6,2009,2001,2001,2001.0
1505,11,2006,1968,1968,1968.0
1506,4,2007,1962,1962,1977.0
1507,7,2006,1953,1953,1953.0
1508,8,2008,1945,1950,1945.0
1509,4,2008,1975,1975,1981.0
1510,5,2009,1980,1980,1980.0
1512,8,2007,2006,2007,2006.0
1513,5,2007,1968,1968,1968.0
1514,7,2009,1961,1961,1961.0
1515,4,2006,1980,1981,1980.0
1516,6,2009,1958,1958,1958.0
1517,4,2008,1994,1994,1994.0
1518,10,2006,1949,1950,1958.0
1520,4,2008,1984,1984,1984.0
1521,11,2008,1977,1977,1977.0
1522,9,2006,2004,2005,2004.0
1523,7,2009,1971,2009,1971.0
1524,12,2008,1965,2008,1992.0
1525,10,2006,2006,2006,2006.0
1526,2,2007,1955,1955,1962.0
1527,6,2007,2000,2000,2000.0
1529,5,2006,2004,2004,2004.0
1530,7,2006,1968,1968,1968.0
1531,8,2007,1955,1955,2002.0
1532,3,2007,1977,1977,1979.0
1533,1,2010,2000,2000,2000.0
1534,1,2007,1970,1970,1970.0
1535,7,2008,1974,1974,1974.0
1536,7,2006,1978,1978,1979.0
1537,8,2007,2006,2007,2006.0
1538,5,2008,1963,1963,1996.0
1539,7,2008,1967,2005,1967.0
1540,11,2006,1993,1993,1993.0
1541,6,2006,1963,1963,1963.0
1542,7,2009,1994,2005,1994.0
1543,7,2008,2005,2005,2005.0
1546,3,2006,2005,2005,2005.0
1548,6,2007,1995,1996,1996.0
1549,5,2009,1967,1967,1967.0
1550,11,2007,1995,1995,1995.0
1551,5,2007,1996,1997,1996.0
1552,7,2009,1973,1973,1973.0
1553,8,2006,1999,1999,1999.0
1554,5,2008,1953,1953,1971.0
1555,6,2009,2003,2003,2003.0
1556,6,2010,1992,1992,1992.0
1557,9,2009,2002,2002,2002.0
1558,7,2007,1976,2004,1976.0
1559,8,2007,1993,1993,1993.0
1560,8,2006,2006,2006,2006.0
1561,6,2007,2006,2007,2006.0
1562,10,2008,1965,1999,1965.0
1565,1,2007,2001,2001,2001.0
1566,10,2009,2000,2000,2000.0
1567,10,2007,2003,2003,2003.0
1568,5,2007,1940,1950,1965.0
1569,6,2009,2008,2008,2008.0
1570,6,2010,1977,2004,1977.0
1571,11,2006,1981,1987,1981.0
1572,10,2009,1965,1990,1965.0
1573,2,2010,2006,2006,2006.0
1574,11,2007,2004,2004,2004.0
1575,4,2006,1951,1951,1951.0
1576,3,2008,1977,1977,1977.0
1577,6,2006,1956,2001,2001.0
1578,5,2008,1976,1976,1991.0
1579,10,2006,1954,1972,1954.0
1580,6,2006,1961,1994,1961.0
1581,7,2009,1999,1999,1999.0
1582,8,2006,1968,1984,1968.0
1583,6,2008,1996,1996,1996.0
1585,2,2008,2007,2007,2007.0
1586,5,2007,1915,1950,2006.0
1587,2,2010,1977,2001,1977.0
1588,7,2008,1986,1986,1986.0
1589,4,2007,1961,1961,1961.0
1590,7,2006,1958,1958,1958.0
1591,5,2007,1940,1950,1940.0
1592,7,2006,2006,2006,2006.0
1593,10,2009,1962,1962,1962.0
1595,3,2008,1920,1965,1935.0
1596,12,2006,1921,1968,1968.0
1597,7,2006,1967,1967,1967.0
1598,6,2007,2006,2006,2006.0
1599,7,2009,1961,1961,1961.0
1600,4,2010,1969,1969,1969.0
1601,9,2006,2006,2006,2006.0
1602,2,2010,2002,2003,2002.0
1603,10,2006,2006,2006,2006.0
1604,7,2006,1998,1998,1998.0
1605,10,2009,2000,2000,2000.0
1606,4,2008,2002,2002,2002.0
1607,10,2007,1964,1991,1964.0
1608,3,2009,2002,2002,2002.0
1609,9,2007,1971,1971,1971.0
1610,4,2009,1986,1986,1986.0
1611,5,2009,2003,2003,2003.0
1612,6,2009,2007,2008,2007.0
1613,4,2008,1989,1989,1989.0
1614,2,2006,1940,1950,1940.0
1615,4,2008,1956,1958,1956.0
1616,7,2009,1978,1978,1978.0
1617,6,2008,2000,2000,2000.0
1618,5,2009,1967,1997,1967.0
1619,7,2007,1940,1950,1940.0
1621,3,2009,2005,2006,2005.0
1622,7,2007,1963,1963,1994.0
1623,5,2006,1954,1954,1954.0
1624,5,2009,2008,2008,2008.0
1625,9,2006,1962,1998,1962.0
1626,6,2010,1985,1985,1985.0
1627,12,2009,2006,2006,2006.0
1628,6,2010,1923,1970,1928.0
1629,6,2007,1995,1996,1995.0
1630,9,2006,2006,2006,2006.0
1631,8,2007,1967,1967,1967.0
1632,7,2008,1989,1989,1989.0
1633,5,2007,2007,2007,2007.0
1635,2,2007,1953,1953,1953.0
1636,6,2007,2006,2007,2007.0
1637,7,2007,1915,2003,2003.0
1638,11,2007,1930,2007,1930.0
1639,5,2007,2006,2007,2007.0
1640,9,2009,1920,1950,1920.0
1641,12,2007,2006,2006,2006.0
1642,8,2008,1959,2006,1959.0
1643,6,2006,1921,1950,1921.0
1644,3,2006,1969,1969,1969.0
1645,2,2009,1915,1965,1915.0
1646,6,2007,1958,1958,1958.0
1647,7,2009,2003,2003,2003.0
1648,9,2009,1977,2008,1977.0
1649,4,2010,1993,1994,1993.0
1650,4,2009,1974,1974,1974.0
1651,11,2006,2006,2006,2006.0
1652,5,2010,1992,1992,1992.0
1653,5,2008,1957,1957,1957.0
1654,6,2010,1966,2008,1966.0
1655,6,2009,1910,2006,1956.0
1656,10,2006,1951,1951,1951.0
1657,5,2008,1998,1998,1998.0
1658,5,2010,1915,1950,1920.0
1659,7,2008,1961,2007,1962.0
1660,9,2008,1975,1975,1985.0
1661,8,2008,1930,1960,1988.0
1662,7,2008,2003,2004,2003.0
1663,3,2009,1950,1970,1950.0
1664,5,2007,1995,1996,1995.0
1665,4,2008,1939,1950,1939.0
1666,3,2007,1971,1971,1979.0
1667,6,2008,1995,2006,1999.0
1668,5,2010,1994,2002,1994.0
1669,4,2007,1974,1974,1974.0
1670,9,2008,2001,2001,2001.0
1671,3,2010,2009,2010,2009.0
1672,11,2009,1996,1996,2000.0
1673,1,2010,1992,1992,1992.0
1674,10,2007,2004,2005,2004.0
1675,7,2007,1940,1998,1940.0
1676,4,2008,1966,1966,1966.0
1677,6,2008,1956,1956,1956.0
1678,3,2006,1962,1962,1962.0
1679,11,2007,1966,1966,1966.0
1680,12,2008,2004,2004,2004.0
1682,4,2009,1936,2007,1971.0
1683,12,2009,1925,1950,1987.0
1685,6,2009,2004,2005,2004.0
1687,6,2008,1999,1999,1999.0
1688,9,2008,1922,1994,1993.0
1689,6,2006,1930,2005,1932.0
1690,11,2009,2001,2001,2001.0
1691,6,2009,1956,1956,1956.0
1692,5,2006,1993,1994,1993.0
1693,2,2007,1954,1954,1954.0
1694,10,2007,1926,1950,1965.0
1695,8,2007,1965,1979,1965.0
1696,11,2008,1954,2006,1993.0
1697,5,2008,2005,2005,2005.0
1698,2,2010,1920,1993,1920.0
1699,9,2007,2006,2007,2207.0
1700,7,2009,2008,2009,2009.0
1701,10,2006,1962,1962,1962.0
1702,7,2008,1997,1997,1997.0
1703,3,2009,2004,2005,2004.0
1704,6,2008,2003,2004,2003.0
1706,5,2010,1963,1984,1963.0
1707,7,2006,1930,1950,1930.0
1708,10,2006,2004,2005,2004.0
1709,2,2008,1960,1960,1960.0
1710,5,2008,1967,2003,1967.0
1713,1,2006,1952,2003,1952.0
1714,10,2007,1955,1955,1996.0
1715,12,2007,2006,2006,2006.0
1716,4,2008,1930,1950,1925.0
1717,7,2009,1977,1977,1977.0
1718,5,2006,1959,1959,1959.0
1719,6,2007,2007,2008,2007.0
1720,8,2009,1941,1950,1941.0
1721,2,2008,1995,1995,1995.0
1722,8,2009,1945,1950,1945.0
1723,6,2010,1975,1975,1975.0
1724,9,2007,2007,2007,2007.0
1725,4,2008,1945,1950,1962.0
1726,3,2006,1958,1958,1958.0
1727,6,2008,2007,2007,2007.0
1728,6,2007,2005,2006,2005.0
1729,4,2007,1957,1969,1957.0
1730,7,2009,1978,1978,1978.0
1731,4,2010,1979,1979,1979.0
1732,7,2009,2009,2009,2009.0
1733,8,2007,1999,2000,1999.0
1734,7,2008,1954,1954,1954.0
1735,3,2007,1970,1970,1970.0
1737,10,2006,1992,1993,1992.0
1738,5,2010,1968,1968,1969.0
1739,3,2006,2005,2006,2006.0
1740,3,2010,1959,2006,1997.0
1741,6,2010,2009,2009,2009.0
1742,5,2009,2003,2003,2003.0
1743,2,2010,1940,1992,1940.0
1744,7,2007,1962,1962,1962.0
1745,4,2009,2000,2000,2000.0
1746,8,2008,2007,2008,2007.0
1747,6,2008,1969,1969,1969.0
1748,1,2010,2004,2004,2004.0
1749,6,2006,1924,1950,1995.0
1750,10,2008,1995,1996,1995.0
1751,1,2007,1977,1977,1977.0
1752,7,2007,1939,1950,1939.0
1753,7,2007,1996,1996,1996.0
1755,5,2008,1975,1975,1975.0
1756,9,2006,1934,1950,1985.0
1757,6,2006,1967,1967,1967.0
1758,11,2008,2008,2008,2008.0
1759,5,2010,1941,2006,1941.0
1760,2,2009,1998,1998,1998.0
1761,4,2009,1968,1968,1968.0
1762,7,2009,2007,2007,2007.0
1763,7,2007,1964,1997,1964.0
1764,6,2009,2003,2004,2003.0
1765,6,2007,1931,1950,1951.0
1766,4,2009,2004,2005,2004.0
1767,10,2007,1955,1955,1955.0
1768,6,2007,1964,1978,1964.0
1769,2,2009,1990,1991,1990.0
1770,6,2010,1964,1964,1964.0
1771,7,2007,2006,2006,2006.0
1772,12,2006,1973,1973,1973.0
1773,5,2010,1998,1999,1998.0
1774,11,2007,1950,1950,1950.0
1775,6,2009,2001,2001,2001.0
1776,5,2007,1920,2004,1933.0
1777,7,2008,1928,1983,1992.0
1778,9,2009,1983,1983,1983.0
1779,7,2009,1970,1970,1994.0
1780,11,2007,1977,1977,1977.0
1781,3,2008,2007,2007,2007.0
1782,5,2008,1921,1998,1998.0
1784,5,2010,1957,1996,1957.0
1785,1,2008,1957,1957,1958.0
1786,5,2008,2000,2001,2000.0
1787,12,2006,2004,2005,2004.0
1789,11,2008,1965,1965,1987.0
1790,3,2009,2002,2002,2002.0
1791,7,2009,1940,1950,1940.0
1792,1,2007,1999,2000,1999.0
1793,7,2008,1895,1950,1895.0
1794,6,2010,1948,1950,1956.0
1795,7,2006,1978,1978,1978.0
1796,1,2009,2008,2009,2009.0
1797,7,2006,1925,1980,1976.0
1798,6,2007,1960,1960,1960.0
1800,8,2008,2003,2004,2003.0
1801,3,2008,1962,1962,1962.0
1802,1,2009,2004,2004,2004.0
1803,6,2007,1976,2003,1976.0
1804,9,2006,1919,1950,1919.0
1805,8,2006,1950,1950,1952.0
1806,8,2006,1999,1999,1999.0
1807,2,2006,2004,2004,2004.0
1808,6,2006,1975,2000,1975.0
1809,6,2007,1948,2002,1981.0
1810,11,2009,1992,1992,1992.0
1811,6,2007,2006,2007,2006.0
1812,11,2006,1989,1989,1989.0
1813,9,2006,2004,2004,2004.0
1815,9,2006,2006,2006,2006.0
1816,4,2007,1988,1989,1988.0
1817,1,2007,1960,1960,1965.0
1818,9,2009,1950,2005,1950.0
1819,12,2008,2008,2008,2008.0
1820,5,2007,2007,2007,2007.0
1821,10,2006,2005,2006,2005.0
1822,6,2009,1965,1965,1965.0
1823,8,2007,1927,2007,1928.0
1824,3,2010,2004,2005,2004.0
1825,8,2007,2007,2007,2007.0
1826,11,2009,1931,1993,1931.0
1827,8,2007,1976,1994,1976.0
1828,5,2006,1984,1998,1984.0
1829,5,2007,2005,2006,2005.0
1830,7,2007,1980,1980,1980.0
1831,3,2006,2005,2005,2005.0
1832,5,2009,1999,1999,1999.0
1833,7,2009,1959,1959,1959.0
1834,3,2010,1971,1971,1971.0
1835,3,2007,2006,2006,2006.0
1836,6,2008,2007,2007,2007.0
1837,5,2010,1951,2000,2005.0
1838,7,2009,1980,1980,1980.0
1839,8,2007,2007,2007,2007.0
1840,2,2010,2008,2008,2008.0
1842,5,2010,1920,1950,1920.0
1843,6,2007,1992,1992,1992.0
1844,9,2007,1901,1950,1920.0
1845,6,2009,1958,1998,1958.0
1846,5,2008,1961,1996,1962.0
1847,1,2009,1926,2004,1926.0
1848,7,2008,1940,1985,1989.0
1849,4,2008,2004,2004,2004.0
1850,9,2007,1992,1993,1992.0
1851,7,2006,2005,2005,2005.0
1852,10,2007,1954,1954,1956.0
1853,6,2009,2006,2007,2006.0
1854,12,2006,1975,1975,1975.0
1855,2,2007,2006,2007,2006.0
1856,6,2007,1976,1976,1976.0
1857,2,2008,1994,1995,1996.0
1858,8,2006,2001,2002,2001.0
1860,9,2009,1954,1954,1954.0
1861,11,2009,1920,1950,1920.0
1862,5,2010,1924,1999,1979.0
1863,3,2010,1996,1996,1996.0
1864,3,2007,1981,2003,1981.0
1865,2,2007,1966,1966,1966.0
1866,6,2008,2000,2000,2000.0
1867,5,2009,1948,2002,1948.0
1868,7,2008,2005,2005,2005.0
1869,7,2009,1956,1956,1956.0
1870,3,2006,1924,1950,1965.0
1871,6,2006,1999,1999,1999.0
1872,5,2007,2005,2005,2005.0
1873,5,2009,1995,1996,1995.0
1874,2,2006,1995,1995,1995.0
1876,1,2008,1939,1950,1939.0
1877,6,2006,1996,1996,1996.0
1878,7,2006,1976,1976,1976.0
1879,8,2007,1997,1997,1997.0
1880,4,2007,2006,2007,2007.0
1881,7,2008,2004,2004,2004.0
1882,7,2007,2002,2002,2002.0
1883,2,2006,2005,2006,2005.0
1884,7,2009,1977,1977,1977.0
1885,10,2007,2008,2009,2008.0
1886,5,2008,1970,1970,1970.0
1887,4,2007,1970,1970,1970.0
1888,7,2009,1976,1976,1976.0
1890,4,2009,1980,1980,1980.0
1891,6,2007,2005,2006,2005.0
1892,8,2006,1948,1950,1954.0
1894,4,2007,1965,1965,1965.0
1895,1,2007,1966,1966,1966.0
1896,5,2008,2003,2003,2003.0
1897,12,2006,1935,1990,1993.0
1898,5,2009,1960,1960,1960.0
1899,3,2009,1994,1995,1994.0
1900,12,2009,1948,1999,1948.0
1901,6,2008,2003,2003,2003.0
1902,7,2007,1951,1994,1951.0
1903,5,2008,2001,2001,2001.0
1904,9,2006,1952,1952,1952.0
1905,4,2008,1955,1955,1955.0
1906,4,2007,1976,1976,1976.0
1907,8,2008,1963,1963,1962.0
1908,6,2006,1998,1998,1998.0
1909,5,2010,1999,1999,1999.0
1910,8,2009,2003,2003,2003.0
1911,12,2009,1950,1950,1989.0
1912,7,2006,1990,1991,1990.0
1913,6,2006,1971,1972,1973.0
1914,8,2009,2005,2005,2005.0
1915,12,2007,1941,1950,1941.0
1916,3,2007,1950,1950,1950.0
1917,2,2010,1978,1988,1978.0
1918,3,2007,1932,1950,1977.0
1919,2,2010,1950,1995,1996.0
1920,6,2007,1900,2006,2000.0
1921,7,2008,1991,1991,1991.0
1922,4,2010,1939,1950,1939.0
1923,8,2006,1956,1956,1956.0
1924,10,2009,1993,1994,1993.0
1925,4,2007,1981,1981,1981.0
1926,12,2009,1988,2007,1988.0
1928,6,2007,1948,1973,1948.0
1929,9,2006,2004,2005,2004.0
1930,6,2008,1998,1998,1998.0
1931,7,2008,2007,2007,2007.0
1932,11,2008,1964,1964,1964.0
1934,7,2009,2003,2004,2003.0
1935,9,2008,2002,2002,2002.0
1936,10,2009,1954,1990,1954.0
1937,11,2009,1953,1953,1953.0
1938,12,2009,1998,1998,1998.0
1939,5,2008,1880,2002,2003.0
1940,5,2007,2003,2004,2004.0
1941,5,2010,2002,2002,2002.0
1942,7,2007,1958,2000,1963.0
1943,6,2007,1967,1967,1972.0
1944,3,2008,2007,2008,2007.0
1945,4,2010,1920,1950,1980.0
1946,9,2009,1958,2007,1985.0
1947,8,2009,1989,1989,1989.0
1948,7,2006,1988,1989,1989.0
1949,7,2009,2000,2000,2000.0
1950,6,2010,1971,2004,1971.0
1951,4,2007,2006,2006,2006.0
1953,4,2010,1989,1989,1989.0
1954,7,2009,2005,2006,2005.0
1955,1,2009,2004,2005,2004.0
1956,6,2009,1980,1980,1980.0
1957,2,2009,2005,2005,2005.0
1958,6,2008,1973,2006,1973.0
1959,9,2009,1961,1961,1961.0
1960,8,2006,1996,1997,1997.0
1961,6,2010,1947,1979,1947.0
1962,7,2008,2004,2004,2004.0
1963,5,2009,1978,1978,1978.0
1964,6,2007,2006,2007,2005.0
1965,7,2006,1925,1975,1977.0
1966,4,2009,1967,1967,1967.0
1967,2,2009,1980,2006,1980.0
1968,8,2009,1928,1950,1928.0
1969,4,2010,1967,1967,1967.0
1970,6,2006,1997,1998,1997.0
1971,3,2008,1915,2004,1970.0
1972,5,2007,1971,1990,1989.0
1973,6,2006,1998,1998,1998.0
1974,1,2008,1939,1950,1939.0
1975,4,2008,1953,1953,1953.0
1976,6,2010,1998,1998,1998.0
1977,5,2009,1998,1998,1998.0
1978,10,2009,1910,1993,1997.0
1979,6,2007,2006,2006,2006.0
1980,8,2009,2004,2005,2004.0
1981,5,2006,2005,2005,2005.0
1983,5,2008,1958,2002,1990.0
1984,8,2007,2004,2005,2004.0
1985,2,2007,2001,2001,2001.0
1986,8,2009,1980,1980,1983.0
1987,4,2006,1976,1976,1976.0
1988,1,2007,1973,2006,1973.0
1989,3,2009,1961,1983,1961.0
1990,7,2008,2004,2004,2004.0
1992,4,2008,2006,2007,2007.0
1993,7,2006,1914,1950,1914.0
1994,7,2008,1935,1986,1935.0
1995,8,2009,1962,1962,1962.0
1996,10,2006,1924,1950,1924.0
1998,6,2009,1977,2000,1977.0
1999,11,2007,1910,1990,1979.0
2000,10,2009,1959,1959,2008.0
2001,12,2008,1993,1994,1993.0
2002,1,2008,2007,2008,2007.0
2003,9,2008,1962,1962,1962.0
2004,9,2007,1999,1999,1999.0
2005,5,2006,1924,1950,1924.0
2006,11,2008,1973,1973,1973.0
2007,8,2009,1970,1970,1970.0
2008,6,2007,1976,1976,1976.0
2009,3,2006,1971,1971,1995.0
2011,10,2008,1959,1959,1960.0
2012,2,2007,2006,2007,2006.0
2013,3,2010,1993,1993,1993.0
2014,3,2009,2005,2005,2005.0
2015,5,2007,1991,1992,1991.0
2016,10,2009,1963,1995,1963.0
2017,4,2010,1941,1950,1951.0
2018,7,2008,1997,1998,1997.0
2019,6,2007,2005,2005,2005.0
2020,2,2006,2000,2000,2000.0
2021,3,2006,2005,2005,2005.0
2022,12,2006,1969,1969,1969.0
2023,6,2008,2005,2005,2005.0
2024,11,2007,1979,1979,1979.0
2025,11,2006,2006,2006,2006.0
2026,10,2007,1927,1992,1927.0
2028,6,2006,1968,2003,1968.0
2029,5,2009,2007,2007,2007.0
2030,1,2010,1900,1950,1964.0
2031,4,2010,1971,2008,1971.0
2032,5,2010,1977,1977,1977.0
2033,3,2010,1989,1989,1989.0
2034,7,2006,1997,1997,1997.0
2035,7,2006,1922,1950,1922.0
2036,7,2009,2006,2006,2006.0
2037,6,2006,1974,1974,1974.0
2038,5,2007,1965,1965,1965.0
2040,7,2006,1953,1953,1953.0
2041,3,2008,2003,2004,2003.0
2043,2,2007,1939,1950,1939.0
2044,4,2008,1995,1995,1995.0
2045,11,2008,2008,2008,2008.0
2046,1,2008,2007,2007,2007.0
2047,3,2009,1940,1950,1961.0
2048,3,2009,1928,1950,1929.0
2049,11,2009,1956,1956,1956.0
2050,6,2010,1999,1999,1999.0
